1	edge_1148
2	edge_453
3	edge_1111
3	edge_505
4	edge_400
5	edge_478
6	edge_295
7	edge_828
8	edge_235
8	edge_40
8	edge_1121
8	edge_746
8	edge_1043
8	edge_756
8	edge_1041
8	edge_1075
8	edge_1040
8	edge_1044
8	edge_747
8	edge_748
8	edge_744
8	edge_1076
8	edge_43
8	edge_701
8	edge_755
8	edge_742
8	edge_1134
8	edge_754
8	edge_758
8	edge_616
8	edge_1135
8	edge_743
8	edge_1045
8	edge_44
8	edge_895
8	edge_1042
9	edge_939
10	edge_992
10	edge_666
10	edge_614
10	edge_543
10	edge_704
10	edge_1025
10	edge_569
10	edge_1019
10	edge_1029
10	edge_767
10	edge_734
10	edge_1014
10	edge_761
10	edge_1001
10	edge_964
10	edge_948
10	edge_259
10	edge_580
10	edge_267
10	edge_978
10	edge_1015
10	edge_944
10	edge_981
10	edge_1010
10	edge_953
10	edge_957
10	edge_297
10	edge_954
10	edge_963
11	edge_317
12	edge_309
13	edge_457
13	edge_167
13	edge_1080
13	edge_1005
14	edge_501
15	edge_550
16	edge_694
17	edge_853
18	edge_426
19	edge_990
20	edge_304
21	edge_1024
22	edge_593
23	edge_160
23	edge_162
24	edge_723
25	edge_786
26	edge_397
26	edge_398
27	edge_935
28	edge_493
29	edge_856
30	edge_334
31	edge_343
32	edge_700
33	edge_32
34	edge_691
35	edge_143
36	edge_1118
37	edge_611
38	edge_776
39	edge_913
40	edge_904
41	edge_639
42	edge_901
43	edge_996
44	edge_555
44	edge_432
44	edge_664
44	edge_962
45	edge_753
46	edge_575
47	edge_428
48	edge_566
49	edge_999
50	edge_284
51	edge_1129
51	edge_1032
51	edge_866
51	edge_881
51	edge_551
52	edge_847
53	edge_433
54	edge_689
54	edge_729
54	edge_19
54	edge_730
55	edge_1013
56	edge_809
57	edge_241
58	edge_653
59	edge_941
60	edge_318
61	edge_848
62	edge_708
63	edge_802
64	edge_1049
65	edge_665
66	edge_362
67	edge_938
68	edge_943
69	edge_832
70	edge_484
71	edge_66
72	edge_165
72	edge_166
73	edge_820
74	edge_570
75	edge_874
76	edge_414
77	edge_821
78	edge_819
79	edge_261
80	edge_352
81	edge_265
82	edge_316
83	edge_641
84	edge_677
85	edge_705
86	edge_1028
86	edge_1027
86	edge_982
86	edge_1023
86	edge_1009
86	edge_1018
87	edge_231
88	edge_146
88	edge_148
89	edge_319
90	edge_626
91	edge_925
92	edge_331
93	edge_155
93	edge_144
93	edge_1123
93	edge_149
94	edge_863
95	edge_321
96	edge_353
97	edge_38
98	edge_531
99	edge_683
100	edge_237
101	edge_70
101	edge_105
101	edge_71
101	edge_112
101	edge_85
101	edge_103
101	edge_947
101	edge_545
101	edge_1110
101	edge_519
101	edge_1136
101	edge_76
101	edge_59
101	edge_91
101	edge_95
101	edge_75
101	edge_109
101	edge_1050
101	edge_87
101	edge_78
101	edge_1108
101	edge_83
101	edge_88
101	edge_97
101	edge_483
101	edge_90
101	edge_520
101	edge_1056
101	edge_81
101	edge_60
101	edge_492
101	edge_82
101	edge_544
101	edge_86
101	edge_503
101	edge_518
101	edge_65
101	edge_1055
101	edge_110
101	edge_491
101	edge_102
101	edge_1016
101	edge_72
101	edge_1124
101	edge_502
101	edge_94
101	edge_69
101	edge_63
101	edge_495
101	edge_546
101	edge_486
101	edge_92
101	edge_61
101	edge_487
101	edge_494
101	edge_104
101	edge_504
101	edge_240
101	edge_62
101	edge_113
101	edge_485
101	edge_1109
101	edge_99
101	edge_77
101	edge_89
101	edge_498
101	edge_1051
101	edge_80
101	edge_1107
101	edge_84
101	edge_488
101	edge_79
101	edge_98
101	edge_68
101	edge_73
101	edge_96
101	edge_101
101	edge_499
101	edge_489
101	edge_500
101	edge_1053
101	edge_239
101	edge_581
101	edge_100
101	edge_1054
101	edge_108
101	edge_490
101	edge_496
101	edge_497
101	edge_74
101	edge_111
101	edge_1052
101	edge_1078
101	edge_106
101	edge_67
101	edge_64
102	edge_749
102	edge_39
102	edge_745
102	edge_42
103	edge_907
104	edge_141
104	edge_681
105	edge_707
106	edge_404
107	edge_650
108	edge_391
109	edge_25
109	edge_1057
109	edge_242
109	edge_612
109	edge_255
109	edge_194
109	edge_652
109	edge_127
109	edge_198
109	edge_516
109	edge_643
109	edge_116
109	edge_1149
109	edge_251
109	edge_777
109	edge_986
109	edge_1113
109	edge_888
109	edge_301
109	edge_139
109	edge_778
109	edge_532
109	edge_193
109	edge_599
109	edge_562
109	edge_252
109	edge_565
109	edge_272
109	edge_642
109	edge_114
109	edge_135
109	edge_249
109	edge_188
109	edge_128
109	edge_1058
109	edge_222
109	edge_764
109	edge_129
109	edge_256
109	edge_115
109	edge_517
109	edge_610
109	edge_1137
109	edge_244
109	edge_196
109	edge_762
109	edge_515
109	edge_248
109	edge_250
109	edge_22
109	edge_1066
109	edge_563
109	edge_989
109	edge_1079
109	edge_987
109	edge_514
109	edge_1062
109	edge_1114
109	edge_564
109	edge_979
109	edge_164
109	edge_613
109	edge_763
109	edge_1119
109	edge_253
109	edge_187
109	edge_21
109	edge_673
109	edge_988
109	edge_589
109	edge_245
109	edge_739
109	edge_163
109	edge_243
109	edge_533
109	edge_669
109	edge_993
110	edge_411
111	edge_827
112	edge_286
113	edge_838
113	edge_1020
113	edge_634
113	edge_635
114	edge_619
114	edge_1094
114	edge_179
114	edge_445
114	edge_1060
114	edge_1104
114	edge_174
114	edge_446
114	edge_447
114	edge_955
114	edge_201
114	edge_183
114	edge_280
114	edge_441
114	edge_1067
114	edge_765
114	edge_889
114	edge_176
114	edge_119
114	edge_202
114	edge_1068
114	edge_199
114	edge_676
114	edge_28
114	edge_1087
114	edge_1084
114	edge_269
114	edge_618
114	edge_678
114	edge_680
114	edge_282
114	edge_1095
114	edge_123
114	edge_621
114	edge_469
114	edge_271
114	edge_1083
114	edge_273
114	edge_1034
114	edge_985
114	edge_1081
114	edge_181
114	edge_178
114	edge_31
114	edge_180
114	edge_1086
114	edge_448
114	edge_203
114	edge_1138
114	edge_668
114	edge_443
114	edge_1072
114	edge_1071
114	edge_195
114	edge_26
114	edge_27
114	edge_220
114	edge_695
114	edge_29
114	edge_204
114	edge_1059
114	edge_582
114	edge_270
114	edge_137
114	edge_205
114	edge_1036
114	edge_1061
114	edge_184
114	edge_1035
114	edge_281
114	edge_278
114	edge_444
114	edge_294
114	edge_667
114	edge_125
114	edge_574
114	edge_121
114	edge_958
114	edge_117
114	edge_277
114	edge_293
114	edge_279
114	edge_200
114	edge_450
114	edge_124
114	edge_674
114	edge_961
114	edge_617
114	edge_675
114	edge_470
114	edge_576
114	edge_1082
114	edge_186
114	edge_120
115	edge_583
116	edge_366
116	edge_685
116	edge_1144
116	edge_645
116	edge_1099
116	edge_912
116	edge_1128
116	edge_370
116	edge_648
116	edge_588
116	edge_1101
116	edge_371
116	edge_916
116	edge_1033
116	edge_462
116	edge_605
116	edge_262
116	edge_931
116	edge_296
116	edge_908
116	edge_381
116	edge_458
116	edge_572
116	edge_367
116	edge_363
116	edge_473
116	edge_527
116	edge_368
116	edge_647
116	edge_771
116	edge_923
116	edge_365
116	edge_456
117	edge_811
117	edge_810
118	edge_355
119	edge_375
120	edge_867
121	edge_854
122	edge_405
123	edge_837
123	edge_1021
123	edge_671
124	edge_133
125	edge_1131
126	edge_773
127	edge_559
128	edge_477
129	edge_224
130	edge_476
131	edge_136
132	edge_812
133	edge_790
134	edge_712
135	edge_356
136	edge_864
137	edge_266
138	edge_361
139	edge_937
140	edge_138
141	edge_8
141	edge_728
141	edge_126
142	edge_412
143	edge_934
144	edge_154
145	edge_344
146	edge_921
147	edge_401
148	edge_796
149	edge_721
150	edge_571
150	edge_466
150	edge_192
150	edge_779
150	edge_780
150	edge_508
150	edge_153
150	edge_579
150	edge_145
150	edge_781
151	edge_587
152	edge_349
153	edge_654
154	edge_535
155	edge_471
156	edge_594
156	edge_595
157	edge_161
158	edge_906
159	edge_107
160	edge_406
160	edge_415
160	edge_382
160	edge_384
160	edge_418
160	edge_383
160	edge_399
160	edge_158
160	edge_403
161	edge_924
162	edge_323
163	edge_341
164	edge_290
165	edge_804
166	edge_872
167	edge_805
168	edge_348
169	edge_190
170	edge_34
171	edge_430
172	edge_877
173	edge_815
174	edge_298
175	edge_808
176	edge_542
177	edge_260
177	edge_586
177	edge_33
177	edge_1037
177	edge_1038
177	edge_36
178	edge_702
179	edge_717
180	edge_217
181	edge_736
182	edge_350
183	edge_208
183	edge_952
184	edge_1017
185	edge_526
186	edge_327
187	edge_229
188	edge_1046
189	edge_887
190	edge_150
191	edge_529
192	edge_890
193	edge_750
194	edge_451
195	edge_638
196	edge_807
197	edge_378
198	edge_24
199	edge_918
200	edge_388
201	edge_258
201	edge_257
202	edge_374
203	edge_325
204	edge_431
205	edge_58
206	edge_389
207	edge_757
208	edge_883
209	edge_152
210	edge_640
211	edge_424
212	edge_851
213	edge_977
214	edge_538
215	edge_175
216	edge_706
217	edge_600
218	edge_560
219	edge_672
220	edge_995
220	edge_994
220	edge_590
220	edge_247
221	edge_980
222	edge_760
222	edge_759
223	edge_387
224	edge_35
225	edge_875
226	edge_421
227	edge_578
227	edge_896
228	edge_997
229	edge_602
230	edge_841
231	edge_615
232	edge_1106
233	edge_627
234	edge_1065
235	edge_197
236	edge_151
236	edge_142
237	edge_547
237	edge_140
238	edge_41
238	edge_577
239	edge_312
240	edge_1000
241	edge_189
242	edge_693
242	edge_825
242	edge_655
242	edge_2
242	edge_539
242	edge_536
242	edge_731
242	edge_1003
242	edge_10
242	edge_438
242	edge_435
242	edge_798
242	edge_769
242	edge_1070
242	edge_697
242	edge_18
242	edge_814
242	edge_785
242	edge_1127
242	edge_227
242	edge_584
242	edge_1100
242	edge_53
242	edge_800
242	edge_17
242	edge_801
242	edge_797
242	edge_791
242	edge_792
242	edge_436
242	edge_3
242	edge_696
242	edge_13
242	edge_623
242	edge_596
242	edge_787
242	edge_48
242	edge_662
242	edge_4
242	edge_434
242	edge_219
242	edge_7
242	edge_824
242	edge_806
242	edge_788
242	edge_816
242	edge_1143
242	edge_692
242	edge_799
242	edge_1004
242	edge_211
242	edge_1130
242	edge_659
242	edge_1112
242	edge_216
242	edge_509
242	edge_11
242	edge_212
242	edge_12
242	edge_830
242	edge_210
242	edge_47
242	edge_818
242	edge_940
242	edge_9
242	edge_218
242	edge_784
242	edge_215
242	edge_624
242	edge_46
242	edge_630
242	edge_813
242	edge_1141
242	edge_1
242	edge_591
242	edge_661
242	edge_829
242	edge_783
242	edge_794
242	edge_1074
242	edge_942
242	edge_5
242	edge_6
242	edge_768
242	edge_793
242	edge_585
242	edge_656
242	edge_568
242	edge_1031
242	edge_232
242	edge_1140
242	edge_437
242	edge_1132
242	edge_789
242	edge_540
242	edge_541
242	edge_1103
242	edge_1125
242	edge_690
242	edge_1139
242	edge_1048
242	edge_629
242	edge_592
242	edge_631
242	edge_1030
242	edge_660
242	edge_51
242	edge_567
242	edge_230
242	edge_537
242	edge_360
242	edge_511
243	edge_558
244	edge_236
245	edge_843
246	edge_727
246	edge_628
246	edge_959
247	edge_871
248	edge_332
249	edge_263
250	edge_795
250	edge_359
250	edge_732
251	edge_223
251	edge_311
252	edge_409
253	edge_157
254	edge_307
255	edge_513
256	edge_417
257	edge_865
258	edge_234
259	edge_1077
260	edge_305
261	edge_884
262	edge_1142
263	edge_525
264	edge_684
265	edge_440
266	edge_425
267	edge_598
268	edge_933
268	edge_459
268	edge_687
268	edge_724
268	edge_710
268	edge_379
268	edge_463
268	edge_770
268	edge_221
268	edge_461
268	edge_902
268	edge_917
268	edge_358
268	edge_460
268	edge_455
268	edge_238
268	edge_369
268	edge_364
268	edge_909
268	edge_644
268	edge_930
268	edge_573
268	edge_903
268	edge_910
268	edge_922
268	edge_521
268	edge_834
268	edge_839
268	edge_840
268	edge_357
268	edge_523
268	edge_380
268	edge_891
268	edge_182
268	edge_842
268	edge_932
268	edge_911
268	edge_682
268	edge_711
268	edge_1098
268	edge_603
268	edge_929
268	edge_372
268	edge_534
268	edge_686
268	edge_226
268	edge_892
268	edge_646
268	edge_522
268	edge_649
268	edge_774
268	edge_454
269	edge_392
270	edge_984
271	edge_528
272	edge_246
273	edge_396
273	edge_402
273	edge_394
273	edge_393
273	edge_420
274	edge_752
275	edge_899
276	edge_214
277	edge_561
277	edge_557
277	edge_735
277	edge_928
277	edge_914
277	edge_775
277	edge_876
277	edge_130
277	edge_622
277	edge_663
277	edge_1011
277	edge_836
277	edge_274
277	edge_23
277	edge_1012
277	edge_467
278	edge_340
279	edge_651
279	edge_1115
279	edge_625
280	edge_1022
280	edge_632
281	edge_1064
281	edge_823
281	edge_330
281	edge_481
281	edge_482
281	edge_347
281	edge_1069
281	edge_1008
281	edge_1096
281	edge_1090
281	edge_1120
281	edge_474
281	edge_1092
281	edge_328
281	edge_346
281	edge_56
281	edge_337
281	edge_303
281	edge_342
281	edge_1091
281	edge_822
281	edge_336
281	edge_329
281	edge_354
281	edge_302
281	edge_37
281	edge_479
281	edge_335
281	edge_310
281	edge_320
281	edge_326
281	edge_1093
281	edge_1089
281	edge_339
281	edge_475
281	edge_1105
281	edge_1097
281	edge_1073
281	edge_1039
281	edge_345
281	edge_324
281	edge_1088
281	edge_1007
281	edge_699
281	edge_285
281	edge_57
281	edge_351
281	edge_55
281	edge_338
281	edge_209
282	edge_395
283	edge_548
284	edge_50
284	edge_14
284	edge_15
284	edge_741
284	edge_855
284	edge_465
284	edge_897
284	edge_737
284	edge_970
284	edge_213
284	edge_49
284	edge_1147
284	edge_1133
284	edge_971
284	edge_973
284	edge_738
284	edge_967
284	edge_972
284	edge_975
284	edge_506
284	edge_974
284	edge_966
284	edge_968
284	edge_965
284	edge_725
284	edge_726
284	edge_740
284	edge_464
284	edge_969
285	edge_803
286	edge_698
287	edge_846
288	edge_552
288	edge_878
288	edge_880
289	edge_915
290	edge_480
291	edge_1047
292	edge_733
292	edge_268
292	edge_177
292	edge_766
292	edge_1026
292	edge_468
292	edge_956
292	edge_1006
293	edge_169
293	edge_299
293	edge_300
293	edge_1116
293	edge_170
293	edge_670
293	edge_845
293	edge_172
293	edge_1117
293	edge_991
293	edge_168
293	edge_868
293	edge_844
293	edge_376
293	edge_869
293	edge_852
293	edge_173
293	edge_1146
293	edge_1145
293	edge_171
293	edge_946
293	edge_860
293	edge_861
293	edge_858
294	edge_264
295	edge_983
296	edge_870
296	edge_554
296	edge_862
296	edge_857
296	edge_879
296	edge_945
296	edge_849
296	edge_859
296	edge_886
297	edge_20
298	edge_233
298	edge_254
298	edge_709
298	edge_658
298	edge_1002
299	edge_1102
300	edge_413
301	edge_949
302	edge_894
302	edge_530
303	edge_427
303	edge_386
304	edge_93
305	edge_423
306	edge_703
307	edge_951
308	edge_679
309	edge_410
310	edge_314
311	edge_452
312	edge_927
313	edge_322
314	edge_156
315	edge_882
316	edge_1150
317	edge_52
318	edge_442
319	edge_636
320	edge_1122
321	edge_507
321	edge_185
321	edge_719
321	edge_1126
321	edge_657
321	edge_782
322	edge_831
322	edge_833
323	edge_54
324	edge_283
325	edge_313
325	edge_716
325	edge_826
325	edge_333
326	edge_147
327	edge_885
328	edge_291
328	edge_288
329	edge_422
330	edge_772
331	edge_553
332	edge_122
333	edge_608
334	edge_276
334	edge_118
334	edge_275
335	edge_556
336	edge_720
337	edge_718
337	edge_228
338	edge_315
339	edge_900
339	edge_898
339	edge_905
339	edge_472
340	edge_16
341	edge_633
342	edge_524
343	edge_191
343	edge_512
343	edge_45
344	edge_159
345	edge_714
346	edge_597
347	edge_390
348	edge_416
349	edge_429
350	edge_1085
351	edge_604
352	edge_408
353	edge_950
354	edge_637
355	edge_751
356	edge_510
357	edge_377
358	edge_1063
359	edge_287
360	edge_873
361	edge_817
362	edge_715
363	edge_850
364	edge_722
364	edge_606
365	edge_385
365	edge_419
366	edge_207
366	edge_30
367	edge_407
368	edge_134
369	edge_306
370	edge_998
371	edge_607
371	edge_920
372	edge_893
372	edge_926
372	edge_373
372	edge_835
373	edge_225
374	edge_132
375	edge_936
376	edge_308
377	edge_292
378	edge_549
379	edge_131
380	edge_601
380	edge_960
381	edge_449
382	edge_609
382	edge_439
383	edge_206
384	edge_919
384	edge_688
384	edge_713
385	edge_289
385	edge_620
386	edge_976
