1	edge_548
2	edge_752
3	edge_708
4	edge_992
4	edge_666
4	edge_614
4	edge_704
4	edge_1025
4	edge_569
4	edge_1019
4	edge_1029
4	edge_767
4	edge_734
4	edge_1014
4	edge_761
4	edge_1001
4	edge_964
4	edge_948
4	edge_259
4	edge_954
4	edge_580
4	edge_267
4	edge_978
4	edge_1015
4	edge_944
4	edge_981
4	edge_1010
4	edge_953
4	edge_957
4	edge_297
4	edge_543
4	edge_963
5	edge_143
6	edge_984
7	edge_717
8	edge_887
9	edge_851
10	edge_699
11	edge_457
11	edge_167
11	edge_1080
11	edge_1005
12	edge_683
13	edge_309
14	edge_952
14	edge_208
15	edge_1142
16	edge_136
17	edge_190
18	edge_348
19	edge_796
20	edge_689
20	edge_729
20	edge_19
20	edge_730
21	edge_134
22	edge_298
23	edge_809
24	edge_235
24	edge_40
24	edge_1121
24	edge_746
24	edge_1043
24	edge_756
24	edge_1041
24	edge_1075
24	edge_1040
24	edge_1044
24	edge_747
24	edge_748
24	edge_1076
24	edge_744
24	edge_43
24	edge_701
24	edge_755
24	edge_742
24	edge_1134
24	edge_754
24	edge_758
24	edge_616
24	edge_1135
24	edge_743
24	edge_1045
24	edge_44
24	edge_895
24	edge_1042
25	edge_560
26	edge_426
27	edge_1148
28	edge_776
29	edge_1024
30	edge_305
31	edge_1070
32	edge_409
33	edge_950
34	edge_555
34	edge_962
34	edge_432
34	edge_664
35	edge_525
36	edge_292
37	edge_1000
38	edge_286
39	edge_505
39	edge_1111
40	edge_853
41	edge_807
42	edge_392
43	edge_1049
44	edge_141
44	edge_681
45	edge_513
46	edge_906
47	edge_107
48	edge_653
49	edge_883
50	edge_319
51	edge_826
52	edge_843
53	edge_750
54	edge_453
55	edge_904
56	edge_1129
56	edge_1032
56	edge_866
56	edge_881
56	edge_551
57	edge_315
58	edge_189
59	edge_804
60	edge_291
60	edge_288
61	edge_785
62	edge_317
63	edge_627
64	edge_1118
65	edge_165
65	edge_166
66	edge_711
67	edge_566
68	edge_322
69	edge_266
70	edge_542
71	edge_265
72	edge_547
72	edge_140
73	edge_341
74	edge_721
75	edge_66
76	edge_1013
77	edge_247
78	edge_389
79	edge_229
80	edge_1150
81	edge_261
82	edge_42
82	edge_39
82	edge_745
82	edge_749
83	edge_935
84	edge_938
85	edge_848
86	edge_691
87	edge_146
87	edge_148
88	edge_25
88	edge_1057
88	edge_612
88	edge_242
88	edge_255
88	edge_194
88	edge_652
88	edge_127
88	edge_198
88	edge_516
88	edge_643
88	edge_116
88	edge_1149
88	edge_251
88	edge_777
88	edge_986
88	edge_1113
88	edge_888
88	edge_889
88	edge_301
88	edge_139
88	edge_778
88	edge_532
88	edge_193
88	edge_599
88	edge_252
88	edge_565
88	edge_272
88	edge_642
88	edge_114
88	edge_135
88	edge_249
88	edge_188
88	edge_128
88	edge_1058
88	edge_222
88	edge_764
88	edge_129
88	edge_256
88	edge_115
88	edge_517
88	edge_610
88	edge_1137
88	edge_196
88	edge_244
88	edge_762
88	edge_515
88	edge_248
88	edge_250
88	edge_137
88	edge_22
88	edge_1066
88	edge_563
88	edge_989
88	edge_1079
88	edge_987
88	edge_514
88	edge_1062
88	edge_1114
88	edge_564
88	edge_979
88	edge_164
88	edge_613
88	edge_1119
88	edge_763
88	edge_253
88	edge_673
88	edge_187
88	edge_21
88	edge_988
88	edge_589
88	edge_245
88	edge_739
88	edge_163
88	edge_243
88	edge_533
88	edge_669
88	edge_993
89	edge_284
90	edge_1028
90	edge_1027
90	edge_982
90	edge_1023
90	edge_1009
90	edge_1018
91	edge_872
92	edge_856
93	edge_736
94	edge_366
94	edge_685
94	edge_1099
94	edge_1144
94	edge_645
94	edge_912
94	edge_1128
94	edge_648
94	edge_370
94	edge_588
94	edge_1101
94	edge_371
94	edge_462
94	edge_1033
94	edge_916
94	edge_605
94	edge_262
94	edge_931
94	edge_296
94	edge_381
94	edge_908
94	edge_458
94	edge_572
94	edge_367
94	edge_363
94	edge_473
94	edge_527
94	edge_368
94	edge_647
94	edge_771
94	edge_923
94	edge_365
94	edge_456
95	edge_90
95	edge_105
95	edge_112
95	edge_428
95	edge_81
95	edge_103
95	edge_104
95	edge_947
95	edge_82
95	edge_86
95	edge_1136
95	edge_95
95	edge_59
95	edge_1053
95	edge_91
95	edge_1109
95	edge_99
95	edge_239
95	edge_1055
95	edge_100
95	edge_581
95	edge_491
95	edge_65
95	edge_1016
95	edge_1054
95	edge_77
95	edge_89
95	edge_496
95	edge_74
95	edge_1051
95	edge_1124
95	edge_111
95	edge_80
95	edge_1052
95	edge_94
95	edge_1107
95	edge_63
95	edge_1078
95	edge_78
95	edge_79
95	edge_106
95	edge_98
95	edge_83
95	edge_92
95	edge_64
96	edge_864
97	edge_349
98	edge_847
99	edge_236
100	edge_160
100	edge_162
101	edge_151
101	edge_142
102	edge_417
103	edge_723
104	edge_34
105	edge_405
106	edge_397
106	edge_398
107	edge_827
108	edge_70
108	edge_96
108	edge_101
108	edge_520
108	edge_61
108	edge_71
108	edge_1056
108	edge_85
108	edge_487
108	edge_499
108	edge_494
108	edge_489
108	edge_545
108	edge_504
108	edge_500
108	edge_60
108	edge_484
108	edge_1110
108	edge_519
108	edge_492
108	edge_544
108	edge_240
108	edge_62
108	edge_503
108	edge_518
108	edge_76
108	edge_113
108	edge_485
108	edge_97
108	edge_102
108	edge_108
108	edge_72
108	edge_498
108	edge_75
108	edge_490
108	edge_497
108	edge_502
108	edge_1050
108	edge_84
108	edge_69
108	edge_87
108	edge_1108
108	edge_488
108	edge_495
108	edge_546
108	edge_68
108	edge_486
108	edge_67
108	edge_88
108	edge_73
108	edge_483
109	edge_318
110	edge_619
110	edge_1094
110	edge_179
110	edge_445
110	edge_1060
110	edge_1104
110	edge_174
110	edge_446
110	edge_955
110	edge_447
110	edge_201
110	edge_183
110	edge_280
110	edge_441
110	edge_1067
110	edge_765
110	edge_119
110	edge_202
110	edge_176
110	edge_1068
110	edge_199
110	edge_676
110	edge_28
110	edge_562
110	edge_1087
110	edge_1084
110	edge_269
110	edge_618
110	edge_678
110	edge_680
110	edge_282
110	edge_1095
110	edge_621
110	edge_123
110	edge_469
110	edge_271
110	edge_1083
110	edge_273
110	edge_1034
110	edge_985
110	edge_1081
110	edge_181
110	edge_178
110	edge_31
110	edge_180
110	edge_1086
110	edge_448
110	edge_203
110	edge_1138
110	edge_668
110	edge_443
110	edge_1072
110	edge_1071
110	edge_195
110	edge_26
110	edge_27
110	edge_220
110	edge_695
110	edge_29
110	edge_204
110	edge_1059
110	edge_582
110	edge_270
110	edge_205
110	edge_1036
110	edge_1061
110	edge_184
110	edge_1035
110	edge_281
110	edge_278
110	edge_444
110	edge_294
110	edge_667
110	edge_125
110	edge_574
110	edge_121
110	edge_958
110	edge_117
110	edge_277
110	edge_293
110	edge_279
110	edge_200
110	edge_450
110	edge_124
110	edge_674
110	edge_961
110	edge_617
110	edge_675
110	edge_470
110	edge_576
110	edge_1082
110	edge_186
110	edge_120
111	edge_477
112	edge_1122
113	edge_241
114	edge_8
114	edge_728
114	edge_126
115	edge_422
116	edge_353
117	edge_820
118	edge_471
119	edge_665
120	edge_638
121	edge_817
122	edge_224
123	edge_841
124	edge_362
125	edge_152
126	edge_161
127	edge_324
128	edge_260
128	edge_586
128	edge_33
128	edge_1037
128	edge_1038
128	edge_36
129	edge_703
130	edge_1064
130	edge_303
130	edge_1063
131	edge_980
132	edge_951
133	edge_949
134	edge_344
135	edge_361
136	edge_310
137	edge_454
138	edge_429
139	edge_237
140	edge_308
141	edge_571
141	edge_466
141	edge_192
141	edge_779
141	edge_780
141	edge_508
141	edge_153
141	edge_570
141	edge_579
141	edge_145
141	edge_781
142	edge_707
143	edge_400
144	edge_850
145	edge_493
146	edge_312
147	edge_924
148	edge_54
149	edge_587
150	edge_155
150	edge_144
150	edge_1123
150	edge_149
151	edge_1020
151	edge_838
151	edge_634
151	edge_635
152	edge_602
153	edge_918
154	edge_901
155	edge_907
156	edge_110
156	edge_109
157	edge_377
158	edge_559
159	edge_694
160	edge_772
161	edge_1017
162	edge_921
163	edge_388
164	edge_575
165	edge_712
166	edge_536
167	edge_583
168	edge_890
169	edge_679
170	edge_327
171	edge_246
172	edge_698
173	edge_1046
174	edge_331
175	edge_538
176	edge_147
177	edge_941
178	edge_846
179	edge_558
180	edge_608
181	edge_998
182	edge_406
182	edge_415
182	edge_382
182	edge_384
182	edge_418
182	edge_383
182	edge_399
182	edge_158
182	edge_403
183	edge_355
184	edge_182
185	edge_451
186	edge_535
187	edge_425
188	edge_714
189	edge_936
190	edge_990
191	edge_423
192	edge_1077
193	edge_333
194	edge_877
195	edge_175
196	edge_871
197	edge_727
197	edge_628
197	edge_959
198	edge_32
199	edge_885
200	edge_133
201	edge_624
202	edge_882
203	edge_138
204	edge_529
205	edge_773
206	edge_433
207	edge_995
207	edge_994
208	edge_934
209	edge_598
210	edge_263
211	edge_430
212	edge_306
213	edge_390
214	edge_803
215	edge_413
216	edge_150
217	edge_943
218	edge_154
219	edge_760
219	edge_759
220	edge_706
221	edge_41
221	edge_577
222	edge_412
223	edge_421
224	edge_831
224	edge_833
225	edge_440
226	edge_50
226	edge_14
226	edge_15
226	edge_741
226	edge_855
226	edge_465
226	edge_897
226	edge_737
226	edge_970
226	edge_213
226	edge_49
226	edge_1147
226	edge_632
226	edge_971
226	edge_1133
226	edge_973
226	edge_738
226	edge_972
226	edge_967
226	edge_975
226	edge_974
226	edge_506
226	edge_966
226	edge_968
226	edge_965
226	edge_725
226	edge_726
226	edge_740
226	edge_464
226	edge_969
227	edge_401
228	edge_1065
229	edge_197
230	edge_837
230	edge_1021
230	edge_671
231	edge_234
232	edge_899
233	edge_925
234	edge_927
235	edge_20
236	edge_476
237	edge_375
238	edge_52
239	edge_287
240	edge_578
240	edge_896
241	edge_427
241	edge_233
241	edge_254
241	edge_709
241	edge_658
241	edge_1002
241	edge_615
241	edge_386
242	edge_207
242	edge_30
243	edge_997
244	edge_169
244	edge_299
244	edge_300
244	edge_1116
244	edge_170
244	edge_670
244	edge_845
244	edge_1117
244	edge_172
244	edge_991
244	edge_168
244	edge_374
244	edge_868
244	edge_844
244	edge_376
244	edge_550
244	edge_884
244	edge_874
244	edge_869
244	edge_852
244	edge_878
244	edge_173
244	edge_1146
244	edge_1145
244	edge_171
244	edge_946
244	edge_861
244	edge_860
244	edge_552
244	edge_880
244	edge_858
244	edge_886
245	edge_231
246	edge_933
246	edge_724
246	edge_459
246	edge_710
246	edge_687
246	edge_379
246	edge_463
246	edge_770
246	edge_221
246	edge_461
246	edge_358
246	edge_902
246	edge_460
246	edge_917
246	edge_455
246	edge_238
246	edge_369
246	edge_364
246	edge_909
246	edge_644
246	edge_930
246	edge_573
246	edge_910
246	edge_903
246	edge_922
246	edge_521
246	edge_834
246	edge_839
246	edge_840
246	edge_523
246	edge_357
246	edge_380
246	edge_891
246	edge_842
246	edge_932
246	edge_911
246	edge_682
246	edge_1098
246	edge_929
246	edge_603
246	edge_372
246	edge_534
246	edge_686
246	edge_226
246	edge_892
246	edge_646
246	edge_522
246	edge_649
246	edge_774
246	edge_593
247	edge_913
248	edge_672
249	edge_567
250	edge_424
251	edge_507
251	edge_185
251	edge_719
251	edge_1126
251	edge_782
251	edge_657
251	edge_600
252	edge_524
253	edge_811
253	edge_810
254	edge_805
255	edge_258
255	edge_257
256	edge_93
257	edge_334
258	edge_863
259	edge_478
260	edge_655
261	edge_411
262	edge_815
263	edge_757
264	edge_352
265	edge_875
266	edge_1085
267	edge_977
268	edge_879
269	edge_637
270	edge_802
270	edge_821
270	edge_594
270	edge_595
271	edge_790
272	edge_404
273	edge_650
274	edge_387
275	edge_35
276	edge_1102
277	edge_314
278	edge_829
279	edge_865
280	edge_285
281	edge_819
282	edge_212
282	edge_585
283	edge_343
284	edge_122
285	edge_132
286	edge_442
287	edge_999
288	edge_356
289	edge_556
290	edge_325
291	edge_407
292	edge_24
293	edge_812
294	edge_360
295	edge_18
296	edge_131
297	edge_553
298	edge_651
298	edge_1115
298	edge_625
299	edge_214
300	edge_350
301	edge_939
302	edge_416
303	edge_528
304	edge_330
304	edge_481
304	edge_347
304	edge_482
304	edge_1096
304	edge_474
304	edge_346
304	edge_337
304	edge_56
304	edge_342
304	edge_822
304	edge_329
304	edge_302
304	edge_37
304	edge_479
304	edge_320
304	edge_339
304	edge_1097
304	edge_345
304	edge_1007
304	edge_351
304	edge_1120
305	edge_191
305	edge_512
305	edge_45
306	edge_639
307	edge_733
307	edge_268
307	edge_177
307	edge_766
307	edge_1026
307	edge_468
307	edge_956
307	edge_1006
308	edge_16
308	edge_857
308	edge_945
309	edge_276
309	edge_118
309	edge_275
310	edge_217
311	edge_828
312	edge_832
313	edge_590
314	edge_862
314	edge_849
315	edge_340
316	edge_554
316	edge_870
316	edge_873
317	edge_449
318	edge_753
319	edge_323
320	edge_677
321	edge_391
322	edge_641
323	edge_601
323	edge_609
323	edge_439
323	edge_876
323	edge_663
323	edge_1011
323	edge_274
323	edge_23
323	edge_960
323	edge_622
323	edge_206
323	edge_467
324	edge_716
324	edge_793
324	edge_313
325	edge_611
326	edge_38
327	edge_414
328	edge_408
329	edge_531
330	edge_326
331	edge_825
331	edge_693
331	edge_2
331	edge_539
331	edge_654
331	edge_731
331	edge_438
331	edge_10
331	edge_1003
331	edge_435
331	edge_798
331	edge_769
331	edge_697
331	edge_814
331	edge_510
331	edge_1127
331	edge_227
331	edge_584
331	edge_1100
331	edge_53
331	edge_800
331	edge_17
331	edge_801
331	edge_797
331	edge_791
331	edge_792
331	edge_436
331	edge_3
331	edge_696
331	edge_623
331	edge_13
331	edge_596
331	edge_787
331	edge_48
331	edge_662
331	edge_4
331	edge_434
331	edge_219
331	edge_7
331	edge_824
331	edge_806
331	edge_788
331	edge_816
331	edge_1143
331	edge_692
331	edge_799
331	edge_1004
331	edge_211
331	edge_1130
331	edge_659
331	edge_1112
331	edge_597
331	edge_216
331	edge_509
331	edge_11
331	edge_12
331	edge_830
331	edge_228
331	edge_210
331	edge_47
331	edge_818
331	edge_940
331	edge_218
331	edge_9
331	edge_784
331	edge_215
331	edge_46
331	edge_813
331	edge_630
331	edge_1141
331	edge_786
331	edge_1
331	edge_591
331	edge_661
331	edge_783
331	edge_794
331	edge_1074
331	edge_942
331	edge_5
331	edge_6
331	edge_768
331	edge_656
331	edge_568
331	edge_1031
331	edge_232
331	edge_1140
331	edge_437
331	edge_1132
331	edge_789
331	edge_540
331	edge_541
331	edge_983
331	edge_1103
331	edge_359
331	edge_1125
331	edge_1047
331	edge_690
331	edge_1139
331	edge_1048
331	edge_629
331	edge_592
331	edge_631
331	edge_1030
331	edge_660
331	edge_51
331	edge_537
331	edge_230
331	edge_511
332	edge_795
333	edge_304
334	edge_854
335	edge_636
336	edge_501
337	edge_452
338	edge_1131
339	edge_702
340	edge_316
341	edge_328
342	edge_867
343	edge_130
344	edge_607
344	edge_920
345	edge_295
346	edge_307
347	edge_157
348	edge_640
349	edge_526
350	edge_937
351	edge_751
352	edge_859
353	edge_684
354	edge_549
355	edge_705
356	edge_700
357	edge_385
357	edge_715
357	edge_419
357	edge_718
357	edge_223
358	edge_156
359	edge_311
360	edge_823
360	edge_1069
360	edge_1008
360	edge_1090
360	edge_1106
360	edge_1092
360	edge_1091
360	edge_336
360	edge_354
360	edge_335
360	edge_1093
360	edge_58
360	edge_1089
360	edge_475
360	edge_1105
360	edge_1073
360	edge_1039
360	edge_1088
360	edge_57
360	edge_338
360	edge_209
361	edge_410
362	edge_735
363	edge_893
363	edge_926
363	edge_373
363	edge_835
364	edge_561
364	edge_378
364	edge_894
364	edge_775
364	edge_604
364	edge_900
364	edge_722
364	edge_1012
364	edge_914
364	edge_530
364	edge_225
364	edge_626
364	edge_606
364	edge_557
364	edge_915
364	edge_919
364	edge_928
364	edge_264
364	edge_720
364	edge_836
364	edge_713
364	edge_688
364	edge_472
364	edge_620
364	edge_905
364	edge_898
365	edge_283
366	edge_633
367	edge_431
368	edge_996
369	edge_159
370	edge_808
371	edge_480
372	edge_976
372	edge_289
373	edge_1022
374	edge_732
375	edge_55
376	edge_321
377	edge_290
378	edge_332
379	edge_396
379	edge_402
379	edge_394
379	edge_393
379	edge_420
379	edge_395
