1	edge_992
1	edge_666
1	edge_614
1	edge_704
1	edge_1025
1	edge_569
1	edge_1019
1	edge_1029
1	edge_767
1	edge_734
1	edge_1014
1	edge_761
1	edge_1001
1	edge_964
1	edge_948
1	edge_259
1	edge_954
1	edge_580
1	edge_267
1	edge_978
1	edge_1015
1	edge_944
1	edge_981
1	edge_1010
1	edge_953
1	edge_957
1	edge_297
1	edge_543
1	edge_963
2	edge_319
3	edge_553
4	edge_819
5	edge_654
6	edge_815
7	edge_513
8	edge_175
9	edge_353
10	edge_317
11	edge_907
12	edge_624
13	edge_154
14	edge_943
15	edge_334
16	edge_845
17	edge_235
17	edge_40
17	edge_1121
17	edge_746
17	edge_1043
17	edge_756
17	edge_1041
17	edge_1075
17	edge_1040
17	edge_1044
17	edge_747
17	edge_748
17	edge_1076
17	edge_744
17	edge_43
17	edge_701
17	edge_755
17	edge_742
17	edge_1134
17	edge_754
17	edge_758
17	edge_1135
17	edge_616
17	edge_743
17	edge_1045
17	edge_44
17	edge_895
17	edge_1042
18	edge_727
18	edge_628
18	edge_959
19	edge_96
19	edge_97
20	edge_366
20	edge_685
20	edge_1099
20	edge_645
20	edge_1144
20	edge_912
20	edge_1128
20	edge_370
20	edge_648
20	edge_588
20	edge_1101
20	edge_371
20	edge_462
20	edge_916
20	edge_1033
20	edge_605
20	edge_262
20	edge_931
20	edge_296
20	edge_381
20	edge_908
20	edge_458
20	edge_572
20	edge_367
20	edge_363
20	edge_473
20	edge_527
20	edge_368
20	edge_647
20	edge_771
20	edge_923
20	edge_365
20	edge_456
21	edge_389
22	edge_653
23	edge_593
24	edge_493
25	edge_828
26	edge_90
26	edge_105
26	edge_112
26	edge_81
26	edge_103
26	edge_104
26	edge_947
26	edge_82
26	edge_86
26	edge_1136
26	edge_59
26	edge_95
26	edge_1053
26	edge_91
26	edge_1109
26	edge_99
26	edge_239
26	edge_65
26	edge_100
26	edge_1055
26	edge_491
26	edge_581
26	edge_1016
26	edge_1054
26	edge_77
26	edge_89
26	edge_496
26	edge_1051
26	edge_74
26	edge_1124
26	edge_111
26	edge_80
26	edge_1052
26	edge_94
26	edge_63
26	edge_1078
26	edge_78
26	edge_79
26	edge_106
26	edge_98
26	edge_83
26	edge_92
26	edge_64
27	edge_863
28	edge_397
28	edge_398
29	edge_702
30	edge_760
30	edge_759
31	edge_684
32	edge_70
32	edge_101
32	edge_520
32	edge_61
32	edge_71
32	edge_1056
32	edge_85
32	edge_487
32	edge_499
32	edge_494
32	edge_489
32	edge_545
32	edge_504
32	edge_500
32	edge_60
32	edge_484
32	edge_1110
32	edge_519
32	edge_240
32	edge_492
32	edge_544
32	edge_62
32	edge_503
32	edge_518
32	edge_76
32	edge_113
32	edge_485
32	edge_102
32	edge_108
32	edge_72
32	edge_498
32	edge_490
32	edge_497
32	edge_502
32	edge_1050
32	edge_84
32	edge_87
32	edge_69
32	edge_1108
32	edge_488
32	edge_495
32	edge_546
32	edge_68
32	edge_486
32	edge_67
32	edge_88
32	edge_73
32	edge_483
33	edge_951
34	edge_454
35	edge_927
36	edge_832
37	edge_807
38	edge_24
39	edge_871
40	edge_525
41	edge_308
42	edge_411
43	edge_133
44	edge_401
45	edge_42
45	edge_39
45	edge_745
45	edge_749
46	edge_318
47	edge_556
48	edge_691
49	edge_1129
49	edge_1032
49	edge_866
49	edge_881
49	edge_551
50	edge_750
51	edge_291
51	edge_288
52	edge_457
52	edge_167
52	edge_1005
52	edge_1080
53	edge_407
54	edge_757
55	edge_872
56	edge_802
57	edge_1070
58	edge_1013
59	edge_883
60	edge_322
61	edge_703
62	edge_790
63	edge_153
64	edge_246
65	edge_136
66	edge_890
67	edge_471
68	edge_75
69	edge_529
70	edge_949
71	edge_1028
71	edge_1027
71	edge_982
71	edge_1009
71	edge_1023
71	edge_1018
72	edge_785
73	edge_404
74	edge_327
75	edge_853
76	edge_134
77	edge_904
78	edge_689
78	edge_729
78	edge_19
78	edge_730
79	edge_841
80	edge_146
80	edge_148
81	edge_263
82	edge_360
83	edge_452
84	edge_808
85	edge_422
86	edge_20
87	edge_261
88	edge_1111
88	edge_505
89	edge_306
90	edge_699
91	edge_559
92	edge_558
93	edge_583
94	edge_846
95	edge_155
95	edge_144
95	edge_1123
95	edge_149
96	edge_736
97	edge_796
98	edge_549
99	edge_1000
100	edge_284
101	edge_786
102	edge_829
103	edge_524
104	edge_887
105	edge_1148
106	edge_157
107	edge_431
108	edge_448
109	edge_400
110	edge_107
111	edge_1065
112	edge_435
113	edge_550
114	edge_575
115	edge_547
115	edge_140
116	edge_433
117	edge_258
117	edge_257
118	edge_478
119	edge_611
120	edge_41
120	edge_190
120	edge_577
121	edge_440
122	edge_597
123	edge_874
124	edge_214
125	edge_706
126	edge_999
127	edge_344
128	edge_138
129	edge_429
130	edge_831
130	edge_833
131	edge_66
132	edge_723
133	edge_18
134	edge_997
135	edge_421
136	edge_143
137	edge_859
138	edge_805
139	edge_110
139	edge_109
140	edge_224
141	edge_152
142	edge_126
142	edge_728
142	edge_8
143	edge_714
144	edge_804
145	edge_38
146	edge_1131
147	edge_321
148	edge_304
149	edge_93
150	edge_934
151	edge_820
152	edge_864
153	edge_32
154	edge_848
155	edge_838
155	edge_1020
155	edge_634
155	edge_635
156	edge_25
156	edge_1057
156	edge_612
156	edge_242
156	edge_255
156	edge_194
156	edge_652
156	edge_127
156	edge_198
156	edge_516
156	edge_643
156	edge_116
156	edge_1149
156	edge_251
156	edge_777
156	edge_986
156	edge_1113
156	edge_888
156	edge_301
156	edge_139
156	edge_778
156	edge_532
156	edge_193
156	edge_599
156	edge_562
156	edge_252
156	edge_565
156	edge_272
156	edge_642
156	edge_114
156	edge_135
156	edge_249
156	edge_188
156	edge_128
156	edge_1058
156	edge_222
156	edge_764
156	edge_129
156	edge_256
156	edge_115
156	edge_517
156	edge_610
156	edge_1137
156	edge_244
156	edge_196
156	edge_762
156	edge_515
156	edge_248
156	edge_250
156	edge_22
156	edge_1066
156	edge_563
156	edge_989
156	edge_1079
156	edge_987
156	edge_514
156	edge_1062
156	edge_1114
156	edge_564
156	edge_979
156	edge_164
156	edge_613
156	edge_763
156	edge_1119
156	edge_253
156	edge_187
156	edge_673
156	edge_21
156	edge_988
156	edge_589
156	edge_245
156	edge_739
156	edge_163
156	edge_243
156	edge_533
156	edge_669
156	edge_993
157	edge_453
158	edge_619
158	edge_1094
158	edge_122
158	edge_179
158	edge_445
158	edge_1060
158	edge_1104
158	edge_174
158	edge_955
158	edge_446
158	edge_447
158	edge_201
158	edge_183
158	edge_280
158	edge_441
158	edge_1067
158	edge_765
158	edge_889
158	edge_119
158	edge_176
158	edge_202
158	edge_1068
158	edge_199
158	edge_676
158	edge_28
158	edge_1087
158	edge_1084
158	edge_269
158	edge_618
158	edge_678
158	edge_680
158	edge_282
158	edge_1095
158	edge_123
158	edge_621
158	edge_469
158	edge_271
158	edge_1083
158	edge_273
158	edge_1034
158	edge_985
158	edge_1081
158	edge_181
158	edge_178
158	edge_31
158	edge_180
158	edge_1086
158	edge_203
158	edge_1138
158	edge_668
158	edge_443
158	edge_1072
158	edge_1071
158	edge_195
158	edge_26
158	edge_27
158	edge_220
158	edge_695
158	edge_29
158	edge_204
158	edge_1059
158	edge_582
158	edge_270
158	edge_137
158	edge_205
158	edge_1036
158	edge_1061
158	edge_184
158	edge_1035
158	edge_468
158	edge_281
158	edge_278
158	edge_444
158	edge_294
158	edge_667
158	edge_125
158	edge_574
158	edge_121
158	edge_958
158	edge_117
158	edge_277
158	edge_293
158	edge_279
158	edge_200
158	edge_450
158	edge_124
158	edge_674
158	edge_182
158	edge_961
158	edge_617
158	edge_470
158	edge_675
158	edge_576
158	edge_1082
158	edge_186
158	edge_120
159	edge_236
160	edge_1118
161	edge_241
162	edge_58
163	edge_1085
164	edge_707
165	edge_507
165	edge_185
165	edge_719
165	edge_1126
165	edge_679
165	edge_657
165	edge_782
165	edge_600
166	edge_542
167	edge_996
168	edge_160
168	edge_162
169	edge_34
170	edge_952
170	edge_208
171	edge_150
172	edge_560
173	edge_535
174	edge_882
175	edge_641
176	edge_938
177	edge_901
178	edge_425
179	edge_980
180	edge_772
181	edge_531
182	edge_571
182	edge_466
182	edge_192
182	edge_779
182	edge_780
182	edge_508
182	edge_579
182	edge_145
182	edge_781
183	edge_362
184	edge_451
185	edge_811
185	edge_810
186	edge_35
187	edge_548
188	edge_570
189	edge_387
190	edge_930
191	edge_287
192	edge_260
192	edge_586
192	edge_33
192	edge_1037
192	edge_1038
192	edge_36
193	edge_776
194	edge_555
194	edge_962
194	edge_432
194	edge_664
195	edge_191
195	edge_512
195	edge_45
196	edge_753
197	edge_316
198	edge_683
199	edge_340
200	edge_924
201	edge_391
202	edge_665
203	edge_295
204	edge_310
205	edge_276
205	edge_118
205	edge_275
206	edge_837
206	edge_1021
206	edge_671
207	edge_998
208	edge_52
209	edge_285
210	edge_341
211	edge_941
212	edge_229
213	edge_333
214	edge_1077
215	edge_615
216	edge_733
216	edge_268
216	edge_177
216	edge_1006
216	edge_766
216	edge_1026
216	edge_956
217	edge_221
218	edge_326
219	edge_314
220	edge_850
221	edge_854
222	edge_328
223	edge_307
224	edge_309
225	edge_169
225	edge_299
225	edge_300
225	edge_1116
225	edge_170
225	edge_670
225	edge_172
225	edge_1117
225	edge_991
225	edge_168
225	edge_374
225	edge_868
225	edge_844
225	edge_376
225	edge_884
225	edge_843
225	edge_869
225	edge_852
225	edge_173
225	edge_878
225	edge_1146
225	edge_1145
225	edge_171
225	edge_860
225	edge_861
225	edge_946
225	edge_552
225	edge_880
225	edge_858
226	edge_298
227	edge_165
227	edge_166
228	edge_378
229	edge_712
230	edge_197
231	edge_406
231	edge_415
231	edge_382
231	edge_384
231	edge_418
231	edge_399
231	edge_383
231	edge_158
231	edge_403
232	edge_324
233	edge_856
234	edge_352
235	edge_994
235	edge_995
236	edge_413
237	edge_590
238	edge_1150
239	edge_361
240	edge_809
241	edge_430
242	edge_567
243	edge_1064
243	edge_303
243	edge_1063
244	edge_847
245	edge_717
246	edge_817
247	edge_332
248	edge_207
248	edge_30
249	edge_578
249	edge_896
250	edge_751
251	edge_409
252	edge_1102
253	edge_821
253	edge_594
253	edge_595
254	edge_627
255	edge_417
256	edge_977
257	edge_650
258	edge_925
259	edge_315
260	edge_698
261	edge_655
262	edge_416
263	edge_312
264	edge_141
264	edge_681
265	edge_1017
266	edge_414
267	edge_390
268	edge_501
269	edge_449
270	edge_349
271	edge_984
272	edge_231
273	edge_538
274	edge_412
275	edge_867
276	edge_875
277	edge_651
277	edge_1115
277	edge_625
278	edge_377
279	edge_247
280	edge_156
281	edge_405
282	edge_442
283	edge_913
284	edge_323
285	edge_601
285	edge_687
285	edge_1011
285	edge_914
285	edge_1122
285	edge_225
285	edge_644
285	edge_926
285	edge_626
285	edge_606
285	edge_521
285	edge_439
285	edge_834
285	edge_839
285	edge_835
285	edge_357
285	edge_891
285	edge_380
285	edge_372
285	edge_646
285	edge_894
285	edge_710
285	edge_459
285	edge_770
285	edge_917
285	edge_238
285	edge_369
285	edge_910
285	edge_903
285	edge_893
285	edge_922
285	edge_292
285	edge_920
285	edge_265
285	edge_840
285	edge_935
285	edge_842
285	edge_932
285	edge_1098
285	edge_603
285	edge_472
285	edge_649
285	edge_774
285	edge_206
285	edge_379
285	edge_677
285	edge_900
285	edge_463
285	edge_1012
285	edge_461
285	edge_460
285	edge_358
285	edge_902
285	edge_455
285	edge_909
285	edge_915
285	edge_720
285	edge_264
285	edge_682
285	edge_711
285	edge_688
285	edge_929
285	edge_773
285	edge_534
285	edge_892
285	edge_898
285	edge_522
285	edge_960
285	edge_528
285	edge_604
285	edge_933
285	edge_724
285	edge_722
285	edge_23
285	edge_918
285	edge_364
285	edge_573
285	edge_557
285	edge_928
285	edge_663
285	edge_523
285	edge_911
285	edge_686
285	edge_226
286	edge_161
287	edge_50
287	edge_305
287	edge_14
287	edge_15
287	edge_855
287	edge_741
287	edge_465
287	edge_970
287	edge_897
287	edge_737
287	edge_213
287	edge_49
287	edge_1147
287	edge_632
287	edge_1133
287	edge_971
287	edge_973
287	edge_738
287	edge_967
287	edge_972
287	edge_975
287	edge_331
287	edge_974
287	edge_506
287	edge_966
287	edge_968
287	edge_965
287	edge_725
287	edge_726
287	edge_740
287	edge_464
287	edge_969
288	edge_587
289	edge_795
289	edge_359
289	edge_732
290	edge_290
291	edge_851
292	edge_427
292	edge_159
292	edge_233
292	edge_428
292	edge_254
292	edge_658
292	edge_1002
292	edge_386
293	edge_1142
293	edge_693
293	edge_825
293	edge_330
293	edge_2
293	edge_539
293	edge_536
293	edge_731
293	edge_1003
293	edge_438
293	edge_10
293	edge_798
293	edge_716
293	edge_769
293	edge_697
293	edge_822
293	edge_814
293	edge_510
293	edge_1127
293	edge_16
293	edge_227
293	edge_598
293	edge_584
293	edge_1100
293	edge_53
293	edge_800
293	edge_17
293	edge_801
293	edge_797
293	edge_791
293	edge_792
293	edge_436
293	edge_3
293	edge_696
293	edge_13
293	edge_596
293	edge_623
293	edge_812
293	edge_313
293	edge_787
293	edge_48
293	edge_662
293	edge_4
293	edge_434
293	edge_219
293	edge_7
293	edge_824
293	edge_806
293	edge_788
293	edge_816
293	edge_1143
293	edge_692
293	edge_799
293	edge_1004
293	edge_211
293	edge_1130
293	edge_659
293	edge_1112
293	edge_216
293	edge_509
293	edge_11
293	edge_212
293	edge_12
293	edge_830
293	edge_228
293	edge_210
293	edge_47
293	edge_818
293	edge_940
293	edge_9
293	edge_218
293	edge_784
293	edge_215
293	edge_46
293	edge_630
293	edge_813
293	edge_1141
293	edge_566
293	edge_1
293	edge_661
293	edge_591
293	edge_783
293	edge_794
293	edge_1074
293	edge_942
293	edge_5
293	edge_1049
293	edge_6
293	edge_768
293	edge_793
293	edge_585
293	edge_568
293	edge_656
293	edge_1031
293	edge_232
293	edge_1140
293	edge_437
293	edge_1132
293	edge_789
293	edge_540
293	edge_541
293	edge_983
293	edge_1103
293	edge_1125
293	edge_826
293	edge_1047
293	edge_690
293	edge_1139
293	edge_343
293	edge_1048
293	edge_629
293	edge_592
293	edge_631
293	edge_1030
293	edge_660
293	edge_217
293	edge_51
293	edge_537
293	edge_230
293	edge_511
294	edge_1106
295	edge_356
296	edge_602
297	edge_286
298	edge_151
298	edge_142
299	edge_561
300	edge_877
301	edge_705
302	edge_147
303	edge_921
304	edge_608
305	edge_311
305	edge_223
306	edge_424
307	edge_266
308	edge_939
309	edge_636
310	edge_637
310	edge_709
311	edge_638
312	edge_752
313	edge_348
314	edge_1024
315	edge_827
316	edge_899
317	edge_132
318	edge_607
319	edge_640
320	edge_373
321	edge_708
322	edge_906
323	edge_54
324	edge_937
325	edge_375
325	edge_870
325	edge_885
325	edge_554
325	edge_672
325	edge_873
325	edge_862
325	edge_990
325	edge_857
325	edge_879
325	edge_945
325	edge_849
325	edge_237
325	edge_886
326	edge_721
326	edge_775
326	edge_530
326	edge_905
326	edge_876
326	edge_836
326	edge_622
326	edge_130
326	edge_467
327	edge_735
328	edge_715
328	edge_718
329	edge_355
330	edge_1022
331	edge_388
332	edge_700
333	edge_609
334	edge_396
334	edge_402
334	edge_394
334	edge_393
334	edge_420
335	edge_283
336	edge_189
337	edge_639
338	edge_481
338	edge_482
338	edge_347
338	edge_1096
338	edge_474
338	edge_476
338	edge_337
338	edge_56
338	edge_346
338	edge_342
338	edge_329
338	edge_302
338	edge_37
338	edge_479
338	edge_320
338	edge_339
338	edge_1097
338	edge_345
338	edge_1007
338	edge_351
338	edge_1120
339	edge_234
340	edge_274
341	edge_865
342	edge_325
343	edge_385
343	edge_408
343	edge_419
344	edge_823
344	edge_1069
344	edge_1008
344	edge_1090
344	edge_1092
344	edge_1091
344	edge_336
344	edge_354
344	edge_335
344	edge_1093
344	edge_1089
344	edge_475
344	edge_1105
344	edge_1073
344	edge_1039
344	edge_1088
344	edge_57
344	edge_338
344	edge_209
345	edge_950
346	edge_350
347	edge_477
348	edge_936
349	edge_395
350	edge_410
351	edge_480
352	edge_55
353	edge_694
354	edge_423
355	edge_392
356	edge_526
357	edge_803
358	edge_426
359	edge_919
359	edge_713
360	edge_131
361	edge_1107
362	edge_633
363	edge_1046
364	edge_289
364	edge_620
365	edge_976
