1	edge_147
2	edge_698
3	edge_309
4	edge_132
5	edge_558
6	edge_998
7	edge_930
8	edge_409
9	edge_794
10	edge_851
11	edge_235
11	edge_40
11	edge_1121
11	edge_746
11	edge_1043
11	edge_756
11	edge_1041
11	edge_1075
11	edge_1040
11	edge_1044
11	edge_748
11	edge_747
11	edge_1076
11	edge_744
11	edge_43
11	edge_701
11	edge_755
11	edge_742
11	edge_1134
11	edge_754
11	edge_758
11	edge_616
11	edge_1135
11	edge_743
11	edge_1045
11	edge_44
11	edge_895
11	edge_1042
12	edge_513
13	edge_1028
13	edge_1027
13	edge_982
13	edge_1009
13	edge_1023
13	edge_1018
14	edge_879
15	edge_723
16	edge_665
17	edge_237
18	edge_707
19	edge_882
20	edge_846
21	edge_52
22	edge_821
23	edge_773
24	edge_391
25	edge_992
25	edge_666
25	edge_614
25	edge_543
25	edge_704
25	edge_1025
25	edge_569
25	edge_1019
25	edge_1029
25	edge_767
25	edge_734
25	edge_1014
25	edge_761
25	edge_1001
25	edge_964
25	edge_948
25	edge_259
25	edge_580
25	edge_267
25	edge_978
25	edge_1015
25	edge_944
25	edge_981
25	edge_1010
25	edge_953
25	edge_957
25	edge_297
25	edge_954
25	edge_963
26	edge_653
27	edge_952
27	edge_208
28	edge_689
28	edge_729
28	edge_19
28	edge_730
29	edge_785
30	edge_555
30	edge_962
30	edge_432
30	edge_664
31	edge_877
32	edge_285
33	edge_422
34	edge_429
35	edge_549
36	edge_110
36	edge_109
37	edge_559
38	edge_638
39	edge_943
40	edge_356
41	edge_655
42	edge_949
43	edge_937
44	edge_542
45	edge_745
45	edge_749
45	edge_39
45	edge_42
46	edge_182
47	edge_283
48	edge_66
49	edge_397
49	edge_398
50	edge_457
50	edge_1080
50	edge_1005
50	edge_167
51	edge_149
52	edge_375
53	edge_334
54	edge_977
55	edge_639
56	edge_388
57	edge_430
58	edge_152
59	edge_899
60	edge_440
61	edge_887
62	edge_160
62	edge_162
63	edge_93
64	edge_924
65	edge_566
66	edge_1118
67	edge_602
68	edge_805
69	edge_819
70	edge_246
71	edge_298
72	edge_727
72	edge_628
72	edge_959
73	edge_75
74	edge_151
74	edge_142
75	edge_308
76	edge_841
77	edge_70
77	edge_105
77	edge_112
77	edge_71
77	edge_85
77	edge_103
77	edge_947
77	edge_545
77	edge_484
77	edge_1110
77	edge_519
77	edge_1136
77	edge_59
77	edge_76
77	edge_91
77	edge_95
77	edge_1050
77	edge_87
77	edge_1108
77	edge_78
77	edge_83
77	edge_88
77	edge_97
77	edge_483
77	edge_90
77	edge_520
77	edge_1056
77	edge_81
77	edge_60
77	edge_492
77	edge_82
77	edge_544
77	edge_86
77	edge_503
77	edge_518
77	edge_65
77	edge_1055
77	edge_491
77	edge_102
77	edge_1016
77	edge_72
77	edge_1124
77	edge_502
77	edge_94
77	edge_69
77	edge_63
77	edge_495
77	edge_546
77	edge_486
77	edge_92
77	edge_61
77	edge_487
77	edge_494
77	edge_104
77	edge_504
77	edge_493
77	edge_240
77	edge_241
77	edge_62
77	edge_113
77	edge_485
77	edge_1109
77	edge_99
77	edge_77
77	edge_89
77	edge_498
77	edge_1051
77	edge_80
77	edge_84
77	edge_1107
77	edge_488
77	edge_79
77	edge_98
77	edge_68
77	edge_73
77	edge_96
77	edge_101
77	edge_499
77	edge_489
77	edge_500
77	edge_501
77	edge_1053
77	edge_239
77	edge_581
77	edge_100
77	edge_1054
77	edge_108
77	edge_490
77	edge_496
77	edge_497
77	edge_74
77	edge_111
77	edge_1052
77	edge_1078
77	edge_106
77	edge_67
77	edge_64
78	edge_525
79	edge_165
79	edge_166
80	edge_856
81	edge_575
82	edge_935
83	edge_699
84	edge_247
85	edge_234
86	edge_325
87	edge_938
88	edge_672
89	edge_934
90	edge_131
91	edge_1111
91	edge_505
92	edge_307
93	edge_154
94	edge_848
95	edge_431
96	edge_366
96	edge_685
96	edge_1144
96	edge_1099
96	edge_645
96	edge_912
96	edge_1128
96	edge_370
96	edge_648
96	edge_588
96	edge_1101
96	edge_371
96	edge_462
96	edge_1033
96	edge_916
96	edge_605
96	edge_931
96	edge_262
96	edge_296
96	edge_908
96	edge_381
96	edge_458
96	edge_572
96	edge_367
96	edge_363
96	edge_473
96	edge_527
96	edge_368
96	edge_647
96	edge_771
96	edge_923
96	edge_365
96	edge_456
97	edge_593
98	edge_999
99	edge_231
100	edge_332
101	edge_1085
102	edge_913
103	edge_318
104	edge_258
104	edge_257
105	edge_392
106	edge_524
107	edge_597
108	edge_812
109	edge_349
110	edge_410
111	edge_214
112	edge_150
113	edge_1046
114	edge_295
115	edge_885
116	edge_832
117	edge_790
118	edge_291
118	edge_288
119	edge_1129
119	edge_1032
119	edge_866
119	edge_881
119	edge_551
120	edge_600
121	edge_408
122	edge_321
123	edge_927
124	edge_751
125	edge_906
126	edge_161
127	edge_353
128	edge_34
129	edge_694
130	edge_708
131	edge_315
132	edge_1142
133	edge_229
134	edge_25
134	edge_1057
134	edge_612
134	edge_242
134	edge_255
134	edge_194
134	edge_652
134	edge_127
134	edge_198
134	edge_516
134	edge_643
134	edge_116
134	edge_1149
134	edge_251
134	edge_986
134	edge_777
134	edge_1113
134	edge_888
134	edge_301
134	edge_139
134	edge_778
134	edge_532
134	edge_193
134	edge_599
134	edge_562
134	edge_252
134	edge_565
134	edge_272
134	edge_642
134	edge_114
134	edge_135
134	edge_249
134	edge_188
134	edge_128
134	edge_1058
134	edge_222
134	edge_764
134	edge_129
134	edge_256
134	edge_115
134	edge_517
134	edge_610
134	edge_1137
134	edge_196
134	edge_244
134	edge_762
134	edge_515
134	edge_248
134	edge_250
134	edge_22
134	edge_1066
134	edge_563
134	edge_989
134	edge_1079
134	edge_987
134	edge_514
134	edge_1062
134	edge_1114
134	edge_564
134	edge_979
134	edge_164
134	edge_613
134	edge_763
134	edge_1119
134	edge_21
134	edge_187
134	edge_673
134	edge_253
134	edge_988
134	edge_589
134	edge_245
134	edge_739
134	edge_163
134	edge_243
134	edge_533
134	edge_669
134	edge_993
135	edge_314
136	edge_141
136	edge_681
137	edge_871
138	edge_619
138	edge_1094
138	edge_122
138	edge_179
138	edge_445
138	edge_1060
138	edge_1104
138	edge_174
138	edge_446
138	edge_447
138	edge_955
138	edge_956
138	edge_201
138	edge_183
138	edge_280
138	edge_441
138	edge_1067
138	edge_765
138	edge_889
138	edge_176
138	edge_202
138	edge_119
138	edge_1068
138	edge_199
138	edge_221
138	edge_676
138	edge_28
138	edge_1087
138	edge_1084
138	edge_269
138	edge_618
138	edge_678
138	edge_156
138	edge_282
138	edge_1095
138	edge_123
138	edge_680
138	edge_621
138	edge_469
138	edge_197
138	edge_271
138	edge_1083
138	edge_273
138	edge_1034
138	edge_985
138	edge_1081
138	edge_181
138	edge_178
138	edge_31
138	edge_180
138	edge_1086
138	edge_448
138	edge_203
138	edge_138
138	edge_1138
138	edge_668
138	edge_443
138	edge_1072
138	edge_1071
138	edge_195
138	edge_26
138	edge_27
138	edge_220
138	edge_695
138	edge_29
138	edge_204
138	edge_1059
138	edge_582
138	edge_270
138	edge_137
138	edge_205
138	edge_1036
138	edge_1061
138	edge_184
138	edge_1035
138	edge_579
138	edge_468
138	edge_281
138	edge_278
138	edge_444
138	edge_294
138	edge_667
138	edge_125
138	edge_574
138	edge_117
138	edge_121
138	edge_958
138	edge_277
138	edge_293
138	edge_279
138	edge_200
138	edge_450
138	edge_124
138	edge_674
138	edge_961
138	edge_617
138	edge_470
138	edge_675
138	edge_576
138	edge_1082
138	edge_186
138	edge_120
139	edge_808
140	edge_190
141	edge_627
142	edge_883
143	edge_401
144	edge_1148
145	edge_712
146	edge_608
147	edge_310
148	edge_807
149	edge_425
150	edge_997
151	edge_526
152	edge_324
153	edge_390
154	edge_711
155	edge_904
156	edge_921
157	edge_471
158	edge_378
159	edge_567
160	edge_326
161	edge_1017
162	edge_864
163	edge_733
163	edge_268
163	edge_177
163	edge_766
163	edge_1026
163	edge_1006
164	edge_454
165	edge_8
165	edge_728
165	edge_126
166	edge_1049
167	edge_760
167	edge_759
168	edge_583
169	edge_407
170	edge_1000
171	edge_317
172	edge_684
173	edge_706
174	edge_702
175	edge_292
176	edge_387
177	edge_207
177	edge_30
178	edge_817
179	edge_238
180	edge_547
180	edge_140
181	edge_1064
181	edge_303
181	edge_1063
182	edge_24
183	edge_263
184	edge_143
185	edge_400
186	edge_360
187	edge_677
188	edge_217
189	edge_322
190	edge_598
191	edge_276
191	edge_118
191	edge_275
192	edge_850
193	edge_925
194	edge_286
195	edge_453
196	edge_404
197	edge_435
198	edge_355
199	edge_907
200	edge_153
201	edge_477
202	edge_811
202	edge_810
203	edge_703
204	edge_587
205	edge_571
205	edge_466
205	edge_192
205	edge_779
205	edge_780
205	edge_508
205	edge_145
205	edge_781
206	edge_305
207	edge_20
208	edge_590
208	edge_994
208	edge_136
208	edge_995
209	edge_451
210	edge_560
211	edge_933
211	edge_724
211	edge_687
211	edge_710
211	edge_459
211	edge_463
211	edge_770
211	edge_461
211	edge_460
211	edge_917
211	edge_902
211	edge_358
211	edge_455
211	edge_369
211	edge_364
211	edge_909
211	edge_644
211	edge_573
211	edge_910
211	edge_903
211	edge_922
211	edge_521
211	edge_839
211	edge_834
211	edge_840
211	edge_523
211	edge_357
211	edge_380
211	edge_891
211	edge_932
211	edge_842
211	edge_911
211	edge_682
211	edge_1098
211	edge_603
211	edge_929
211	edge_372
211	edge_534
211	edge_686
211	edge_226
211	edge_892
211	edge_646
211	edge_522
211	edge_649
211	edge_774
211	edge_379
212	edge_416
213	edge_442
214	edge_284
215	edge_290
216	edge_146
216	edge_148
217	edge_721
218	edge_412
219	edge_333
220	edge_266
221	edge_626
222	edge_683
223	edge_847
224	edge_939
225	edge_107
226	edge_328
227	edge_1131
228	edge_548
229	edge_831
229	edge_833
230	edge_327
231	edge_405
232	edge_476
233	edge_236
234	edge_854
235	edge_306
236	edge_845
237	edge_550
238	edge_331
239	edge_633
240	edge_41
240	edge_577
241	edge_1020
241	edge_838
241	edge_634
241	edge_635
242	edge_58
243	edge_826
244	edge_260
244	edge_586
244	edge_33
244	edge_1037
244	edge_1038
244	edge_36
245	edge_50
245	edge_14
245	edge_15
245	edge_855
245	edge_741
245	edge_465
245	edge_897
245	edge_737
245	edge_970
245	edge_213
245	edge_49
245	edge_1147
245	edge_632
245	edge_1133
245	edge_971
245	edge_973
245	edge_738
245	edge_967
245	edge_972
245	edge_975
245	edge_506
245	edge_974
245	edge_966
245	edge_968
245	edge_965
245	edge_725
245	edge_726
245	edge_740
245	edge_464
245	edge_969
246	edge_1070
247	edge_641
248	edge_312
249	edge_874
250	edge_304
251	edge_867
252	edge_169
252	edge_299
252	edge_300
252	edge_1116
252	edge_170
252	edge_670
252	edge_1117
252	edge_172
252	edge_991
252	edge_168
252	edge_374
252	edge_868
252	edge_844
252	edge_376
252	edge_884
252	edge_843
252	edge_869
252	edge_852
252	edge_878
252	edge_173
252	edge_1146
252	edge_1145
252	edge_171
252	edge_860
252	edge_946
252	edge_861
252	edge_552
252	edge_880
252	edge_858
253	edge_1013
254	edge_1122
255	edge_936
256	edge_752
257	edge_776
258	edge_316
259	edge_1150
260	edge_951
261	edge_996
262	edge_865
263	edge_261
264	edge_918
265	edge_890
266	edge_421
267	edge_413
268	edge_863
269	edge_175
269	edge_601
269	edge_609
269	edge_439
269	edge_876
269	edge_663
269	edge_1011
269	edge_449
269	edge_274
269	edge_23
269	edge_960
269	edge_622
269	edge_206
269	edge_467
270	edge_528
271	edge_32
272	edge_377
273	edge_556
274	edge_611
275	edge_536
276	edge_18
277	edge_654
278	edge_735
279	edge_1024
280	edge_615
281	edge_859
282	edge_1077
283	edge_980
284	edge_772
285	edge_212
285	edge_585
286	edge_862
286	edge_857
286	edge_16
286	edge_849
286	edge_886
286	edge_945
287	edge_691
288	edge_389
289	edge_427
289	edge_159
289	edge_233
289	edge_428
289	edge_254
289	edge_658
289	edge_1002
289	edge_386
290	edge_340
291	edge_417
292	edge_1022
293	edge_796
294	edge_809
295	edge_804
296	edge_717
297	edge_757
298	edge_352
299	edge_423
300	edge_736
301	edge_348
302	edge_323
303	edge_828
304	edge_350
305	edge_155
305	edge_144
305	edge_1123
306	edge_452
307	edge_224
308	edge_531
309	edge_651
309	edge_1115
309	edge_625
310	edge_554
310	edge_870
310	edge_873
311	edge_679
312	edge_837
312	edge_1021
312	edge_671
313	edge_130
314	edge_1102
315	edge_705
316	edge_507
316	edge_185
316	edge_719
316	edge_1126
316	edge_657
316	edge_782
317	edge_54
318	edge_287
319	edge_795
319	edge_732
319	edge_359
320	edge_265
321	edge_941
322	edge_990
323	edge_578
323	edge_896
324	edge_1012
325	edge_636
326	edge_750
327	edge_478
328	edge_414
329	edge_901
330	edge_561
330	edge_894
330	edge_775
330	edge_604
330	edge_900
330	edge_976
330	edge_722
330	edge_914
330	edge_530
330	edge_225
330	edge_714
330	edge_893
330	edge_606
330	edge_557
330	edge_915
330	edge_919
330	edge_928
330	edge_835
330	edge_720
330	edge_264
330	edge_836
330	edge_289
330	edge_529
330	edge_713
330	edge_688
330	edge_472
330	edge_620
330	edge_905
330	edge_535
330	edge_898
331	edge_624
332	edge_330
332	edge_481
332	edge_347
332	edge_482
332	edge_474
332	edge_337
332	edge_342
332	edge_822
332	edge_329
332	edge_302
332	edge_37
332	edge_479
332	edge_343
332	edge_339
332	edge_319
332	edge_345
332	edge_1007
332	edge_351
332	edge_1120
333	edge_786
334	edge_640
335	edge_753
336	edge_433
337	edge_803
338	edge_650
339	edge_361
340	edge_38
341	edge_191
341	edge_512
341	edge_45
342	edge_157
343	edge_872
344	edge_35
345	edge_133
346	edge_406
346	edge_415
346	edge_382
346	edge_384
346	edge_418
346	edge_383
346	edge_399
346	edge_158
346	edge_570
346	edge_403
347	edge_820
348	edge_424
349	edge_1106
350	edge_950
351	edge_829
352	edge_362
353	edge_538
354	edge_313
354	edge_716
354	edge_793
355	edge_802
355	edge_594
355	edge_595
356	edge_344
356	edge_311
356	edge_385
356	edge_715
356	edge_419
356	edge_228
356	edge_718
356	edge_223
357	edge_607
357	edge_920
358	edge_926
358	edge_373
359	edge_823
359	edge_1069
359	edge_1096
359	edge_1008
359	edge_1090
359	edge_1092
359	edge_1065
359	edge_1091
359	edge_336
359	edge_354
359	edge_335
359	edge_1093
359	edge_320
359	edge_1089
359	edge_1105
359	edge_1097
359	edge_475
359	edge_1073
359	edge_1039
359	edge_1088
359	edge_57
359	edge_338
359	edge_209
360	edge_341
361	edge_693
361	edge_825
361	edge_2
361	edge_539
361	edge_731
361	edge_1003
361	edge_10
361	edge_438
361	edge_798
361	edge_769
361	edge_697
361	edge_814
361	edge_510
361	edge_1127
361	edge_227
361	edge_584
361	edge_1100
361	edge_800
361	edge_53
361	edge_17
361	edge_801
361	edge_797
361	edge_791
361	edge_792
361	edge_436
361	edge_696
361	edge_815
361	edge_3
361	edge_623
361	edge_13
361	edge_596
361	edge_787
361	edge_48
361	edge_662
361	edge_4
361	edge_434
361	edge_219
361	edge_7
361	edge_824
361	edge_806
361	edge_788
361	edge_816
361	edge_1143
361	edge_692
361	edge_799
361	edge_1004
361	edge_211
361	edge_1130
361	edge_659
361	edge_1112
361	edge_216
361	edge_509
361	edge_11
361	edge_12
361	edge_830
361	edge_210
361	edge_47
361	edge_818
361	edge_940
361	edge_9
361	edge_218
361	edge_784
361	edge_215
361	edge_46
361	edge_813
361	edge_630
361	edge_1141
361	edge_1
361	edge_591
361	edge_661
361	edge_783
361	edge_1074
361	edge_942
361	edge_5
361	edge_6
361	edge_768
361	edge_656
361	edge_568
361	edge_1031
361	edge_232
361	edge_1140
361	edge_437
361	edge_1132
361	edge_789
361	edge_540
361	edge_541
361	edge_983
361	edge_1103
361	edge_1125
361	edge_1047
361	edge_690
361	edge_1139
361	edge_1048
361	edge_629
361	edge_592
361	edge_631
361	edge_1030
361	edge_660
361	edge_51
361	edge_537
361	edge_230
361	edge_511
361	edge_984
362	edge_553
363	edge_426
364	edge_55
364	edge_56
365	edge_134
366	edge_853
367	edge_396
367	edge_402
367	edge_394
367	edge_393
367	edge_420
367	edge_395
368	edge_827
369	edge_700
370	edge_411
371	edge_480
372	edge_189
373	edge_637
373	edge_709
374	edge_346
375	edge_875
