1	edge_493
2	edge_182
3	edge_560
4	edge_348
5	edge_883
6	edge_341
7	edge_235
7	edge_40
7	edge_1121
7	edge_746
7	edge_1043
7	edge_756
7	edge_1041
7	edge_1075
7	edge_1040
7	edge_1044
7	edge_747
7	edge_748
7	edge_744
7	edge_1076
7	edge_43
7	edge_701
7	edge_755
7	edge_742
7	edge_1134
7	edge_754
7	edge_758
7	edge_1135
7	edge_616
7	edge_743
7	edge_1045
7	edge_44
7	edge_895
7	edge_1042
8	edge_431
9	edge_918
10	edge_846
11	edge_867
12	edge_526
13	edge_992
13	edge_666
13	edge_614
13	edge_543
13	edge_704
13	edge_1025
13	edge_569
13	edge_1019
13	edge_1029
13	edge_767
13	edge_734
13	edge_1014
13	edge_761
13	edge_1001
13	edge_964
13	edge_948
13	edge_259
13	edge_580
13	edge_267
13	edge_978
13	edge_1015
13	edge_944
13	edge_981
13	edge_1010
13	edge_953
13	edge_957
13	edge_297
13	edge_954
13	edge_963
14	edge_913
15	edge_389
16	edge_321
17	edge_624
18	edge_829
19	edge_513
20	edge_20
21	edge_871
22	edge_598
23	edge_935
24	edge_66
25	edge_773
26	edge_802
27	edge_745
27	edge_749
27	edge_39
27	edge_42
28	edge_149
29	edge_310
30	edge_996
31	edge_160
31	edge_162
32	edge_684
33	edge_217
34	edge_641
35	edge_208
35	edge_952
36	edge_322
37	edge_221
38	edge_727
38	edge_628
38	edge_959
39	edge_157
40	edge_229
41	edge_70
41	edge_105
41	edge_112
41	edge_71
41	edge_85
41	edge_103
41	edge_947
41	edge_545
41	edge_484
41	edge_1110
41	edge_519
41	edge_1136
41	edge_95
41	edge_76
41	edge_91
41	edge_59
41	edge_75
41	edge_109
41	edge_1050
41	edge_87
41	edge_1108
41	edge_78
41	edge_83
41	edge_88
41	edge_483
41	edge_97
41	edge_90
41	edge_520
41	edge_1056
41	edge_81
41	edge_60
41	edge_492
41	edge_82
41	edge_544
41	edge_86
41	edge_503
41	edge_518
41	edge_1055
41	edge_65
41	edge_110
41	edge_491
41	edge_102
41	edge_1016
41	edge_72
41	edge_1124
41	edge_502
41	edge_94
41	edge_69
41	edge_63
41	edge_495
41	edge_546
41	edge_486
41	edge_92
41	edge_61
41	edge_487
41	edge_494
41	edge_104
41	edge_504
41	edge_240
41	edge_241
41	edge_62
41	edge_113
41	edge_485
41	edge_1109
41	edge_99
41	edge_89
41	edge_77
41	edge_498
41	edge_1051
41	edge_80
41	edge_1107
41	edge_84
41	edge_488
41	edge_79
41	edge_98
41	edge_68
41	edge_73
41	edge_96
41	edge_101
41	edge_499
41	edge_489
41	edge_500
41	edge_501
41	edge_1053
41	edge_239
41	edge_100
41	edge_581
41	edge_1054
41	edge_108
41	edge_490
41	edge_496
41	edge_497
41	edge_74
41	edge_111
41	edge_1052
41	edge_1078
41	edge_106
41	edge_67
41	edge_64
42	edge_1049
43	edge_654
44	edge_904
45	edge_633
46	edge_366
46	edge_685
46	edge_1144
46	edge_1099
46	edge_645
46	edge_912
46	edge_1128
46	edge_648
46	edge_370
46	edge_588
46	edge_1101
46	edge_371
46	edge_916
46	edge_1033
46	edge_462
46	edge_605
46	edge_262
46	edge_931
46	edge_296
46	edge_381
46	edge_908
46	edge_458
46	edge_572
46	edge_367
46	edge_363
46	edge_473
46	edge_527
46	edge_368
46	edge_647
46	edge_771
46	edge_923
46	edge_365
46	edge_456
47	edge_608
48	edge_794
49	edge_809
50	edge_1028
50	edge_1027
50	edge_982
50	edge_1023
50	edge_1009
50	edge_1018
51	edge_547
51	edge_140
52	edge_141
52	edge_681
53	edge_165
53	edge_166
54	edge_556
55	edge_387
56	edge_453
57	edge_326
58	edge_18
59	edge_315
60	edge_639
61	edge_531
62	edge_350
63	edge_1150
64	edge_937
65	edge_284
66	edge_708
67	edge_1148
68	edge_535
69	edge_706
70	edge_907
71	edge_877
72	edge_332
73	edge_265
74	edge_1102
75	edge_1142
76	edge_423
77	edge_152
78	edge_409
79	edge_700
80	edge_1070
81	edge_790
82	edge_529
83	edge_555
83	edge_962
83	edge_432
83	edge_664
84	edge_694
85	edge_258
85	edge_257
86	edge_786
87	edge_355
88	edge_999
89	edge_832
90	edge_863
91	edge_161
92	edge_827
93	edge_665
94	edge_391
95	edge_590
96	edge_356
97	edge_283
98	edge_1017
99	edge_875
100	edge_146
100	edge_148
101	edge_536
102	edge_841
103	edge_811
103	edge_810
104	edge_851
105	edge_454
106	edge_107
107	edge_24
108	edge_714
109	edge_1085
110	edge_679
111	edge_435
112	edge_930
113	edge_287
114	edge_583
115	edge_528
116	edge_874
117	edge_388
118	edge_308
119	edge_34
120	edge_995
120	edge_994
121	edge_58
122	edge_843
123	edge_319
124	edge_1064
124	edge_1063
124	edge_303
125	edge_689
125	edge_729
125	edge_19
125	edge_730
126	edge_32
127	edge_295
128	edge_246
129	edge_412
130	edge_25
130	edge_1057
130	edge_242
130	edge_612
130	edge_255
130	edge_194
130	edge_652
130	edge_127
130	edge_198
130	edge_516
130	edge_643
130	edge_116
130	edge_1149
130	edge_251
130	edge_777
130	edge_986
130	edge_1113
130	edge_888
130	edge_301
130	edge_139
130	edge_778
130	edge_532
130	edge_193
130	edge_599
130	edge_562
130	edge_252
130	edge_565
130	edge_272
130	edge_642
130	edge_114
130	edge_135
130	edge_249
130	edge_188
130	edge_128
130	edge_1058
130	edge_222
130	edge_764
130	edge_129
130	edge_256
130	edge_115
130	edge_517
130	edge_610
130	edge_1137
130	edge_196
130	edge_244
130	edge_195
130	edge_762
130	edge_515
130	edge_248
130	edge_250
130	edge_22
130	edge_1066
130	edge_563
130	edge_989
130	edge_1079
130	edge_987
130	edge_514
130	edge_1062
130	edge_1114
130	edge_564
130	edge_979
130	edge_164
130	edge_613
130	edge_1119
130	edge_763
130	edge_21
130	edge_673
130	edge_187
130	edge_253
130	edge_988
130	edge_589
130	edge_245
130	edge_739
130	edge_163
130	edge_243
130	edge_533
130	edge_669
130	edge_993
131	edge_524
132	edge_413
133	edge_901
134	edge_626
135	edge_672
136	edge_286
137	edge_805
138	edge_815
139	edge_864
140	edge_941
141	edge_575
142	edge_619
142	edge_1094
142	edge_179
142	edge_445
142	edge_1060
142	edge_1104
142	edge_174
142	edge_955
142	edge_447
142	edge_446
142	edge_201
142	edge_183
142	edge_280
142	edge_441
142	edge_1067
142	edge_765
142	edge_889
142	edge_202
142	edge_176
142	edge_119
142	edge_1068
142	edge_199
142	edge_676
142	edge_28
142	edge_1087
142	edge_1084
142	edge_269
142	edge_618
142	edge_678
142	edge_680
142	edge_282
142	edge_1095
142	edge_123
142	edge_621
142	edge_469
142	edge_271
142	edge_1083
142	edge_273
142	edge_1034
142	edge_985
142	edge_1081
142	edge_181
142	edge_178
142	edge_31
142	edge_180
142	edge_1086
142	edge_448
142	edge_203
142	edge_1138
142	edge_668
142	edge_443
142	edge_1072
142	edge_1071
142	edge_26
142	edge_27
142	edge_220
142	edge_695
142	edge_29
142	edge_204
142	edge_1059
142	edge_582
142	edge_270
142	edge_205
142	edge_1036
142	edge_1061
142	edge_184
142	edge_1035
142	edge_281
142	edge_278
142	edge_444
142	edge_294
142	edge_667
142	edge_125
142	edge_574
142	edge_121
142	edge_117
142	edge_958
142	edge_277
142	edge_293
142	edge_279
142	edge_200
142	edge_450
142	edge_124
142	edge_674
142	edge_961
142	edge_617
142	edge_675
142	edge_470
142	edge_576
142	edge_1082
142	edge_186
143	edge_711
144	edge_400
145	edge_353
146	edge_828
147	edge_334
148	edge_397
148	edge_398
149	edge_847
150	edge_705
151	edge_378
152	edge_677
153	edge_887
154	edge_951
155	edge_238
156	edge_401
157	edge_683
158	edge_361
159	edge_1077
160	edge_817
161	edge_426
162	edge_717
163	edge_760
163	edge_759
164	edge_566
165	edge_477
166	edge_407
167	edge_653
168	edge_821
169	edge_865
170	edge_845
171	edge_602
172	edge_411
173	edge_1020
173	edge_838
173	edge_634
173	edge_635
174	edge_638
175	edge_316
176	edge_525
177	edge_151
177	edge_142
178	edge_751
179	edge_410
180	edge_567
181	edge_132
182	edge_408
183	edge_52
184	edge_785
185	edge_691
186	edge_231
187	edge_807
188	edge_207
188	edge_30
189	edge_325
190	edge_882
191	edge_457
191	edge_167
191	edge_1005
191	edge_1080
192	edge_1013
193	edge_291
193	edge_288
194	edge_1118
195	edge_392
196	edge_476
197	edge_597
198	edge_137
199	edge_723
200	edge_478
201	edge_548
202	edge_414
203	edge_323
204	edge_452
205	edge_856
206	edge_425
207	edge_304
208	edge_421
209	edge_812
210	edge_318
211	edge_328
212	edge_471
213	edge_131
214	edge_1106
215	edge_417
216	edge_890
217	edge_570
218	edge_872
219	edge_150
220	edge_587
221	edge_314
222	edge_156
223	edge_197
224	edge_884
225	edge_317
226	edge_1129
226	edge_1032
226	edge_866
226	edge_881
226	edge_551
227	edge_750
228	edge_571
228	edge_466
228	edge_192
228	edge_779
228	edge_780
228	edge_508
228	edge_153
228	edge_579
228	edge_145
228	edge_781
229	edge_134
230	edge_429
231	edge_837
231	edge_1021
231	edge_671
232	edge_854
233	edge_594
233	edge_595
234	edge_899
235	edge_155
235	edge_144
235	edge_1123
236	edge_136
237	edge_938
238	edge_699
239	edge_263
240	edge_237
241	edge_405
242	edge_776
243	edge_538
244	edge_307
245	edge_1024
246	edge_859
247	edge_549
248	edge_433
249	edge_349
250	edge_324
251	edge_169
251	edge_299
251	edge_300
251	edge_1116
251	edge_170
251	edge_670
251	edge_1117
251	edge_172
251	edge_991
251	edge_168
251	edge_374
251	edge_868
251	edge_844
251	edge_376
251	edge_550
251	edge_869
251	edge_852
251	edge_848
251	edge_878
251	edge_173
251	edge_1146
251	edge_1145
251	edge_171
251	edge_946
251	edge_860
251	edge_861
251	edge_552
251	edge_880
251	edge_858
252	edge_312
253	edge_406
253	edge_415
253	edge_382
253	edge_384
253	edge_418
253	edge_383
253	edge_399
253	edge_158
253	edge_403
254	edge_772
255	edge_224
256	edge_733
256	edge_268
256	edge_177
256	edge_766
256	edge_1026
256	edge_468
256	edge_956
256	edge_1006
257	edge_698
258	edge_542
259	edge_1022
259	edge_632
260	edge_977
261	edge_234
262	edge_823
262	edge_330
262	edge_481
262	edge_482
262	edge_347
262	edge_1069
262	edge_1008
262	edge_1096
262	edge_1090
262	edge_1120
262	edge_474
262	edge_1092
262	edge_346
262	edge_337
262	edge_56
262	edge_342
262	edge_1091
262	edge_822
262	edge_336
262	edge_354
262	edge_329
262	edge_302
262	edge_352
262	edge_37
262	edge_479
262	edge_1093
262	edge_335
262	edge_320
262	edge_343
262	edge_1089
262	edge_1105
262	edge_475
262	edge_339
262	edge_1097
262	edge_1073
262	edge_1039
262	edge_345
262	edge_1088
262	edge_1007
262	edge_285
262	edge_57
262	edge_351
262	edge_55
262	edge_338
262	edge_209
263	edge_266
264	edge_340
265	edge_212
265	edge_585
266	edge_998
267	edge_8
267	edge_728
267	edge_126
268	edge_703
269	edge_795
269	edge_359
269	edge_732
270	edge_292
271	edge_298
272	edge_712
273	edge_416
274	edge_93
275	edge_390
276	edge_290
277	edge_553
278	edge_600
279	edge_147
280	edge_804
281	edge_826
282	edge_721
283	edge_50
283	edge_305
283	edge_14
283	edge_15
283	edge_855
283	edge_741
283	edge_465
283	edge_970
283	edge_737
283	edge_213
283	edge_897
283	edge_49
283	edge_1147
283	edge_1133
283	edge_971
283	edge_973
283	edge_738
283	edge_972
283	edge_967
283	edge_975
283	edge_331
283	edge_974
283	edge_506
283	edge_966
283	edge_968
283	edge_965
283	edge_725
283	edge_726
283	edge_740
283	edge_464
283	edge_969
284	edge_276
284	edge_275
284	edge_122
284	edge_449
284	edge_118
285	edge_853
286	edge_949
287	edge_736
288	edge_984
289	edge_428
290	edge_796
291	edge_820
292	edge_154
293	edge_927
294	edge_615
295	edge_819
296	edge_344
297	edge_427
297	edge_233
297	edge_260
297	edge_586
297	edge_254
297	edge_709
297	edge_658
297	edge_33
297	edge_1002
297	edge_980
297	edge_1037
297	edge_1038
297	edge_36
297	edge_386
298	edge_214
299	edge_757
300	edge_611
301	edge_943
302	edge_309
303	edge_424
304	edge_333
305	edge_38
306	edge_1046
307	edge_313
307	edge_375
307	edge_870
307	edge_885
307	edge_716
307	edge_554
307	edge_377
307	edge_873
307	edge_862
307	edge_990
307	edge_857
307	edge_879
307	edge_16
307	edge_945
307	edge_849
307	edge_886
308	edge_54
309	edge_831
309	edge_833
310	edge_950
311	edge_925
312	edge_558
313	edge_451
314	edge_561
314	edge_601
314	edge_687
314	edge_1011
314	edge_914
314	edge_1122
314	edge_225
314	edge_644
314	edge_559
314	edge_924
314	edge_606
314	edge_521
314	edge_834
314	edge_839
314	edge_357
314	edge_891
314	edge_380
314	edge_372
314	edge_646
314	edge_274
314	edge_894
314	edge_775
314	edge_710
314	edge_459
314	edge_770
314	edge_917
314	edge_934
314	edge_369
314	edge_910
314	edge_903
314	edge_893
314	edge_922
314	edge_919
314	edge_836
314	edge_840
314	edge_932
314	edge_842
314	edge_1098
314	edge_603
314	edge_472
314	edge_620
314	edge_649
314	edge_774
314	edge_593
314	edge_379
314	edge_206
314	edge_1000
314	edge_735
314	edge_876
314	edge_900
314	edge_463
314	edge_1012
314	edge_461
314	edge_460
314	edge_902
314	edge_358
314	edge_455
314	edge_138
314	edge_909
314	edge_1131
314	edge_915
314	edge_720
314	edge_264
314	edge_682
314	edge_688
314	edge_929
314	edge_534
314	edge_905
314	edge_892
314	edge_898
314	edge_522
314	edge_960
314	edge_604
314	edge_933
314	edge_722
314	edge_724
314	edge_23
314	edge_442
314	edge_939
314	edge_364
314	edge_573
314	edge_247
314	edge_557
314	edge_928
314	edge_663
314	edge_523
314	edge_467
314	edge_911
314	edge_713
314	edge_686
314	edge_226
314	edge_625
314	edge_130
315	edge_637
316	edge_41
316	edge_190
316	edge_577
317	edge_530
318	edge_430
319	edge_133
320	edge_651
320	edge_1115
321	edge_175
321	edge_507
321	edge_185
321	edge_719
321	edge_1126
321	edge_782
321	edge_657
322	edge_362
323	edge_505
323	edge_1111
324	edge_360
325	edge_422
326	edge_609
326	edge_439
327	edge_655
328	edge_191
328	edge_512
328	edge_45
329	edge_159
330	edge_578
330	edge_896
331	edge_997
332	edge_189
333	edge_976
333	edge_289
334	edge_693
334	edge_825
334	edge_2
334	edge_539
334	edge_731
334	edge_438
334	edge_10
334	edge_1003
334	edge_798
334	edge_769
334	edge_814
334	edge_510
334	edge_1127
334	edge_227
334	edge_584
334	edge_1100
334	edge_800
334	edge_53
334	edge_17
334	edge_801
334	edge_797
334	edge_791
334	edge_792
334	edge_436
334	edge_3
334	edge_696
334	edge_623
334	edge_13
334	edge_596
334	edge_787
334	edge_48
334	edge_4
334	edge_662
334	edge_434
334	edge_219
334	edge_7
334	edge_824
334	edge_806
334	edge_788
334	edge_816
334	edge_1143
334	edge_692
334	edge_799
334	edge_1004
334	edge_211
334	edge_1130
334	edge_659
334	edge_1112
334	edge_216
334	edge_509
334	edge_11
334	edge_12
334	edge_830
334	edge_210
334	edge_47
334	edge_818
334	edge_940
334	edge_261
334	edge_9
334	edge_218
334	edge_784
334	edge_215
334	edge_46
334	edge_813
334	edge_630
334	edge_1141
334	edge_1
334	edge_661
334	edge_591
334	edge_783
334	edge_942
334	edge_1074
334	edge_5
334	edge_6
334	edge_768
334	edge_793
334	edge_656
334	edge_568
334	edge_1031
334	edge_232
334	edge_1140
334	edge_437
334	edge_1132
334	edge_789
334	edge_540
334	edge_541
334	edge_983
334	edge_1103
334	edge_1125
334	edge_1047
334	edge_690
334	edge_1139
334	edge_1048
334	edge_629
334	edge_592
334	edge_631
334	edge_1030
334	edge_660
334	edge_51
334	edge_537
334	edge_230
334	edge_511
335	edge_850
336	edge_622
337	edge_236
338	edge_143
339	edge_35
340	edge_396
340	edge_402
340	edge_394
340	edge_393
340	edge_420
341	edge_480
342	edge_702
343	edge_404
344	edge_753
345	edge_311
345	edge_385
345	edge_715
345	edge_419
345	edge_228
345	edge_395
345	edge_718
345	edge_223
346	edge_921
347	edge_327
348	edge_627
349	edge_1065
350	edge_752
351	edge_120
352	edge_650
353	edge_803
354	edge_640
355	edge_808
356	edge_306
357	edge_697
358	edge_906
359	edge_936
360	edge_636
361	edge_707
362	edge_607
362	edge_920
363	edge_440
364	edge_926
364	edge_835
365	edge_373
