1	edge_689
1	edge_729
1	edge_19
1	edge_730
2	edge_875
3	edge_374
4	edge_930
5	edge_291
5	edge_288
6	edge_235
6	edge_40
6	edge_1121
6	edge_746
6	edge_1043
6	edge_756
6	edge_1041
6	edge_1075
6	edge_1040
6	edge_1044
6	edge_748
6	edge_747
6	edge_1076
6	edge_744
6	edge_43
6	edge_701
6	edge_755
6	edge_742
6	edge_1134
6	edge_754
6	edge_758
6	edge_1135
6	edge_616
6	edge_743
6	edge_1045
6	edge_44
6	edge_895
6	edge_1042
7	edge_138
8	edge_575
9	edge_189
10	edge_992
10	edge_666
10	edge_614
10	edge_704
10	edge_1025
10	edge_569
10	edge_1019
10	edge_1029
10	edge_767
10	edge_734
10	edge_1014
10	edge_761
10	edge_1001
10	edge_964
10	edge_948
10	edge_259
10	edge_954
10	edge_580
10	edge_267
10	edge_978
10	edge_1015
10	edge_944
10	edge_981
10	edge_1010
10	edge_953
10	edge_957
10	edge_297
10	edge_543
10	edge_963
11	edge_34
12	edge_501
13	edge_655
14	edge_935
15	edge_1150
16	edge_147
17	edge_906
18	edge_241
19	edge_990
20	edge_624
21	edge_679
22	edge_435
23	edge_805
24	edge_152
25	edge_319
26	edge_653
27	edge_996
28	edge_753
29	edge_887
30	edge_845
31	edge_871
32	edge_356
33	edge_750
34	edge_410
35	edge_882
36	edge_804
37	edge_430
38	edge_107
39	edge_803
40	edge_38
41	edge_70
41	edge_105
41	edge_71
41	edge_112
41	edge_85
41	edge_103
41	edge_947
41	edge_545
41	edge_484
41	edge_1110
41	edge_519
41	edge_1136
41	edge_95
41	edge_76
41	edge_59
41	edge_91
41	edge_75
41	edge_109
41	edge_1050
41	edge_87
41	edge_78
41	edge_1108
41	edge_66
41	edge_83
41	edge_88
41	edge_483
41	edge_97
41	edge_90
41	edge_520
41	edge_1056
41	edge_81
41	edge_60
41	edge_492
41	edge_82
41	edge_544
41	edge_86
41	edge_503
41	edge_518
41	edge_1055
41	edge_65
41	edge_110
41	edge_491
41	edge_1016
41	edge_102
41	edge_72
41	edge_1124
41	edge_502
41	edge_94
41	edge_69
41	edge_63
41	edge_495
41	edge_546
41	edge_486
41	edge_92
41	edge_61
41	edge_487
41	edge_494
41	edge_104
41	edge_504
41	edge_493
41	edge_240
41	edge_62
41	edge_113
41	edge_485
41	edge_1109
41	edge_99
41	edge_77
41	edge_89
41	edge_498
41	edge_1051
41	edge_80
41	edge_1107
41	edge_84
41	edge_488
41	edge_79
41	edge_98
41	edge_68
41	edge_73
41	edge_96
41	edge_101
41	edge_499
41	edge_489
41	edge_500
41	edge_1053
41	edge_239
41	edge_581
41	edge_100
41	edge_1054
41	edge_108
41	edge_490
41	edge_496
41	edge_497
41	edge_74
41	edge_111
41	edge_1052
41	edge_1078
41	edge_106
41	edge_67
41	edge_64
42	edge_149
43	edge_802
44	edge_650
45	edge_863
46	edge_397
46	edge_398
47	edge_904
48	edge_190
49	edge_52
50	edge_700
51	edge_752
52	edge_327
53	edge_736
54	edge_265
55	edge_890
56	edge_1028
56	edge_1027
56	edge_982
56	edge_1009
56	edge_1023
56	edge_1018
57	edge_847
58	edge_751
59	edge_54
60	edge_877
61	edge_772
62	edge_702
63	edge_938
64	edge_555
64	edge_962
64	edge_432
64	edge_664
65	edge_615
66	edge_950
67	edge_1129
67	edge_1032
67	edge_866
67	edge_881
67	edge_551
68	edge_535
69	edge_58
70	edge_939
71	edge_899
72	edge_35
73	edge_1024
74	edge_404
75	edge_442
76	edge_208
76	edge_952
77	edge_304
78	edge_312
79	edge_796
80	edge_375
81	edge_817
82	edge_684
83	edge_146
83	edge_148
84	edge_457
84	edge_167
84	edge_1080
84	edge_1005
85	edge_949
86	edge_258
86	edge_257
87	edge_884
88	edge_549
89	edge_32
90	edge_807
91	edge_1077
92	edge_1017
93	edge_856
94	edge_307
95	edge_843
96	edge_400
97	edge_429
98	edge_711
99	edge_417
100	edge_538
101	edge_391
102	edge_353
103	edge_309
104	edge_997
105	edge_525
106	edge_478
107	edge_872
108	edge_143
109	edge_409
110	edge_943
111	edge_907
112	edge_308
113	edge_885
114	edge_828
115	edge_476
116	edge_627
117	edge_433
118	edge_1013
119	edge_727
119	edge_628
119	edge_959
120	edge_819
121	edge_221
122	edge_157
123	edge_1131
124	edge_1020
124	edge_838
124	edge_634
124	edge_635
125	edge_426
126	edge_25
126	edge_1057
126	edge_242
126	edge_612
126	edge_255
126	edge_194
126	edge_652
126	edge_127
126	edge_198
126	edge_516
126	edge_643
126	edge_116
126	edge_1149
126	edge_251
126	edge_986
126	edge_777
126	edge_1113
126	edge_888
126	edge_301
126	edge_139
126	edge_778
126	edge_532
126	edge_193
126	edge_599
126	edge_562
126	edge_252
126	edge_565
126	edge_272
126	edge_642
126	edge_114
126	edge_135
126	edge_249
126	edge_188
126	edge_128
126	edge_1058
126	edge_222
126	edge_764
126	edge_129
126	edge_256
126	edge_115
126	edge_517
126	edge_610
126	edge_1137
126	edge_196
126	edge_244
126	edge_762
126	edge_515
126	edge_248
126	edge_250
126	edge_22
126	edge_1066
126	edge_563
126	edge_989
126	edge_1079
126	edge_987
126	edge_514
126	edge_1062
126	edge_1114
126	edge_564
126	edge_979
126	edge_164
126	edge_613
126	edge_763
126	edge_1119
126	edge_253
126	edge_187
126	edge_21
126	edge_673
126	edge_988
126	edge_589
126	edge_245
126	edge_739
126	edge_163
126	edge_243
126	edge_533
126	edge_669
126	edge_993
127	edge_619
127	edge_1094
127	edge_179
127	edge_445
127	edge_1060
127	edge_1104
127	edge_174
127	edge_446
127	edge_955
127	edge_447
127	edge_201
127	edge_183
127	edge_280
127	edge_441
127	edge_1067
127	edge_889
127	edge_765
127	edge_202
127	edge_119
127	edge_176
127	edge_1068
127	edge_199
127	edge_676
127	edge_28
127	edge_1087
127	edge_1084
127	edge_269
127	edge_618
127	edge_680
127	edge_282
127	edge_1095
127	edge_123
127	edge_621
127	edge_469
127	edge_271
127	edge_273
127	edge_1034
127	edge_985
127	edge_1081
127	edge_181
127	edge_178
127	edge_31
127	edge_180
127	edge_1086
127	edge_448
127	edge_203
127	edge_668
127	edge_1072
127	edge_1071
127	edge_195
127	edge_26
127	edge_27
127	edge_220
127	edge_695
127	edge_29
127	edge_204
127	edge_1059
127	edge_582
127	edge_270
127	edge_205
127	edge_1036
127	edge_1061
127	edge_184
127	edge_1035
127	edge_281
127	edge_278
127	edge_444
127	edge_294
127	edge_667
127	edge_125
127	edge_574
127	edge_121
127	edge_117
127	edge_958
127	edge_277
127	edge_293
127	edge_279
127	edge_200
127	edge_450
127	edge_124
127	edge_674
127	edge_961
127	edge_617
127	edge_470
127	edge_675
127	edge_576
127	edge_1082
127	edge_186
128	edge_874
129	edge_18
130	edge_366
130	edge_685
130	edge_1144
130	edge_1099
130	edge_645
130	edge_912
130	edge_1128
130	edge_648
130	edge_370
130	edge_588
130	edge_1101
130	edge_371
130	edge_462
130	edge_1033
130	edge_916
130	edge_605
130	edge_262
130	edge_931
130	edge_296
130	edge_908
130	edge_381
130	edge_458
130	edge_572
130	edge_367
130	edge_363
130	edge_473
130	edge_527
130	edge_368
130	edge_771
130	edge_647
130	edge_923
130	edge_365
130	edge_456
131	edge_413
132	edge_477
133	edge_317
134	edge_155
134	edge_144
134	edge_1123
135	edge_513
136	edge_795
136	edge_359
136	edge_732
137	edge_548
138	edge_8
138	edge_728
138	edge_126
139	edge_597
140	edge_24
141	edge_859
142	edge_1022
142	edge_632
143	edge_558
144	edge_524
145	edge_263
146	edge_749
146	edge_39
146	edge_745
146	edge_42
147	edge_723
148	edge_937
149	edge_377
150	edge_683
151	edge_707
152	edge_598
153	edge_362
154	edge_1122
155	edge_559
156	edge_132
157	edge_401
158	edge_703
159	edge_854
160	edge_414
161	edge_633
162	edge_425
163	edge_566
164	edge_1111
164	edge_505
165	edge_361
166	edge_224
167	edge_41
167	edge_577
167	edge_760
167	edge_759
168	edge_318
169	edge_809
170	edge_229
171	edge_757
172	edge_325
173	edge_423
174	edge_927
175	edge_921
176	edge_600
177	edge_831
177	edge_833
178	edge_1070
179	edge_236
180	edge_1083
180	edge_207
180	edge_30
180	edge_443
181	edge_360
182	edge_811
182	edge_810
183	edge_786
184	edge_392
185	edge_141
185	edge_681
186	edge_699
187	edge_153
188	edge_714
189	edge_826
190	edge_165
190	edge_166
191	edge_883
192	edge_641
193	edge_322
194	edge_560
195	edge_785
196	edge_343
197	edge_639
198	edge_160
198	edge_162
199	edge_292
200	edge_314
201	edge_851
202	edge_567
203	edge_608
204	edge_773
205	edge_310
206	edge_776
207	edge_424
208	edge_677
209	edge_150
210	edge_936
211	edge_547
211	edge_169
211	edge_299
211	edge_300
211	edge_1116
211	edge_170
211	edge_670
211	edge_1117
211	edge_172
211	edge_991
211	edge_168
211	edge_868
211	edge_844
211	edge_376
211	edge_550
211	edge_869
211	edge_852
211	edge_848
211	edge_173
211	edge_878
211	edge_1146
211	edge_1145
211	edge_171
211	edge_860
211	edge_861
211	edge_946
211	edge_552
211	edge_880
211	edge_858
212	edge_324
213	edge_837
213	edge_1021
213	edge_671
214	edge_1148
215	edge_1142
216	edge_134
217	edge_261
218	edge_328
219	edge_571
219	edge_466
219	edge_192
219	edge_779
219	edge_780
219	edge_508
219	edge_579
219	edge_145
219	edge_781
220	edge_341
221	edge_678
222	edge_553
223	edge_821
223	edge_594
223	edge_595
224	edge_421
225	edge_197
226	edge_638
227	edge_998
228	edge_924
229	edge_133
230	edge_131
231	edge_808
232	edge_283
233	edge_941
234	edge_349
235	edge_918
236	edge_977
237	edge_694
238	edge_590
238	edge_593
238	edge_995
238	edge_994
238	edge_136
238	edge_247
239	edge_340
240	edge_137
241	edge_542
242	edge_1106
243	edge_316
244	edge_416
245	edge_260
245	edge_586
245	edge_33
245	edge_1037
245	edge_1038
245	edge_36
246	edge_266
247	edge_554
247	edge_672
247	edge_862
247	edge_857
247	edge_879
247	edge_945
247	edge_849
247	edge_237
247	edge_870
247	edge_886
248	edge_344
249	edge_698
250	edge_151
250	edge_142
251	edge_1065
252	edge_161
253	edge_290
254	edge_412
255	edge_578
255	edge_896
256	edge_706
257	edge_933
257	edge_710
257	edge_459
257	edge_687
257	edge_724
257	edge_463
257	edge_770
257	edge_461
257	edge_453
257	edge_460
257	edge_917
257	edge_902
257	edge_358
257	edge_455
257	edge_238
257	edge_369
257	edge_364
257	edge_909
257	edge_644
257	edge_573
257	edge_903
257	edge_910
257	edge_922
257	edge_521
257	edge_834
257	edge_839
257	edge_840
257	edge_523
257	edge_357
257	edge_380
257	edge_891
257	edge_182
257	edge_842
257	edge_932
257	edge_911
257	edge_682
257	edge_1098
257	edge_603
257	edge_929
257	edge_372
257	edge_534
257	edge_686
257	edge_454
257	edge_226
257	edge_892
257	edge_646
257	edge_522
257	edge_649
257	edge_774
257	edge_379
258	edge_1085
259	edge_654
260	edge_846
261	edge_378
262	edge_285
263	edge_528
264	edge_583
265	edge_865
266	edge_561
266	edge_557
266	edge_1000
266	edge_467
266	edge_928
266	edge_775
266	edge_735
266	edge_1012
266	edge_876
266	edge_836
266	edge_622
266	edge_663
266	edge_1011
266	edge_274
266	edge_23
266	edge_130
266	edge_914
267	edge_387
268	edge_1064
268	edge_303
268	edge_1063
269	edge_790
270	edge_733
270	edge_268
270	edge_177
270	edge_1006
270	edge_766
270	edge_1026
270	edge_468
270	edge_956
271	edge_440
272	edge_408
273	edge_390
274	edge_980
275	edge_827
276	edge_1138
276	edge_122
277	edge_306
278	edge_604
279	edge_246
280	edge_841
281	edge_49
281	edge_636
282	edge_529
283	edge_20
284	edge_934
285	edge_175
286	edge_1046
287	edge_720
288	edge_451
289	edge_531
290	edge_951
291	edge_587
292	edge_705
293	edge_321
294	edge_717
295	edge_507
295	edge_185
295	edge_719
295	edge_1126
295	edge_657
295	edge_782
296	edge_712
297	edge_330
297	edge_481
297	edge_482
297	edge_347
297	edge_1096
297	edge_474
297	edge_346
297	edge_56
297	edge_337
297	edge_342
297	edge_822
297	edge_329
297	edge_302
297	edge_37
297	edge_479
297	edge_320
297	edge_348
297	edge_339
297	edge_1097
297	edge_345
297	edge_1007
297	edge_351
297	edge_1120
298	edge_427
298	edge_233
298	edge_234
298	edge_428
298	edge_254
298	edge_709
298	edge_658
298	edge_1002
298	edge_738
298	edge_386
299	edge_999
300	edge_925
301	edge_388
302	edge_389
303	edge_331
304	edge_640
305	edge_471
306	edge_407
307	edge_276
307	edge_118
307	edge_275
308	edge_601
308	edge_960
309	edge_191
309	edge_512
309	edge_45
310	edge_212
310	edge_585
311	edge_873
312	edge_691
313	edge_50
313	edge_298
313	edge_305
313	edge_14
313	edge_15
313	edge_741
313	edge_855
313	edge_465
313	edge_405
313	edge_897
313	edge_970
313	edge_213
313	edge_737
313	edge_1147
313	edge_971
313	edge_1133
313	edge_973
313	edge_967
313	edge_972
313	edge_975
313	edge_506
313	edge_974
313	edge_966
313	edge_968
313	edge_965
313	edge_725
313	edge_740
313	edge_726
313	edge_464
313	edge_969
314	edge_611
315	edge_411
316	edge_915
317	edge_651
317	edge_1115
317	edge_625
318	edge_637
319	edge_264
320	edge_570
321	edge_431
322	edge_93
323	edge_295
324	edge_1049
325	edge_901
326	edge_323
327	edge_355
328	edge_829
329	edge_406
329	edge_415
329	edge_382
329	edge_384
329	edge_418
329	edge_383
329	edge_399
329	edge_158
329	edge_403
330	edge_422
331	edge_721
332	edge_794
333	edge_536
334	edge_913
335	edge_231
336	edge_1118
337	edge_893
337	edge_713
337	edge_688
337	edge_472
337	edge_919
337	edge_894
337	edge_530
337	edge_905
337	edge_900
337	edge_898
337	edge_708
337	edge_626
338	edge_825
338	edge_693
338	edge_2
338	edge_539
338	edge_731
338	edge_1003
338	edge_10
338	edge_438
338	edge_798
338	edge_769
338	edge_814
338	edge_510
338	edge_1127
338	edge_584
338	edge_1100
338	edge_800
338	edge_53
338	edge_17
338	edge_801
338	edge_797
338	edge_791
338	edge_792
338	edge_436
338	edge_815
338	edge_3
338	edge_623
338	edge_596
338	edge_13
338	edge_787
338	edge_48
338	edge_4
338	edge_662
338	edge_434
338	edge_219
338	edge_7
338	edge_824
338	edge_806
338	edge_788
338	edge_1143
338	edge_692
338	edge_799
338	edge_1004
338	edge_211
338	edge_1130
338	edge_659
338	edge_1112
338	edge_216
338	edge_509
338	edge_11
338	edge_12
338	edge_830
338	edge_210
338	edge_47
338	edge_818
338	edge_940
338	edge_218
338	edge_9
338	edge_784
338	edge_215
338	edge_46
338	edge_813
338	edge_630
338	edge_1141
338	edge_1
338	edge_591
338	edge_661
338	edge_783
338	edge_1074
338	edge_942
338	edge_5
338	edge_6
338	edge_768
338	edge_568
338	edge_656
338	edge_1031
338	edge_232
338	edge_1140
338	edge_437
338	edge_1132
338	edge_789
338	edge_540
338	edge_541
338	edge_983
338	edge_1103
338	edge_1125
338	edge_1047
338	edge_690
338	edge_1139
338	edge_1048
338	edge_629
338	edge_592
338	edge_631
338	edge_660
338	edge_1030
338	edge_51
338	edge_537
338	edge_230
338	edge_511
339	edge_853
340	edge_326
341	edge_816
342	edge_333
342	edge_793
342	edge_716
342	edge_313
343	edge_286
344	edge_1102
345	edge_16
346	edge_556
347	edge_287
348	edge_602
349	edge_334
350	edge_812
350	edge_284
350	edge_395
350	edge_396
350	edge_820
350	edge_419
350	edge_718
350	edge_311
350	edge_420
350	edge_227
350	edge_332
350	edge_402
350	edge_832
350	edge_385
350	edge_394
350	edge_715
350	edge_696
350	edge_228
350	edge_393
350	edge_984
350	edge_223
351	edge_823
351	edge_1069
351	edge_1008
351	edge_1090
351	edge_1092
351	edge_1091
351	edge_336
351	edge_354
351	edge_352
351	edge_335
351	edge_1093
351	edge_1089
351	edge_1105
351	edge_475
351	edge_1039
351	edge_1073
351	edge_1088
351	edge_57
351	edge_338
351	edge_209
352	edge_607
352	edge_920
353	edge_217
354	edge_214
355	edge_722
355	edge_606
356	edge_159
357	edge_480
358	edge_864
359	edge_315
360	edge_867
361	edge_140
362	edge_449
363	edge_55
364	edge_452
365	edge_609
365	edge_439
366	edge_154
367	edge_350
368	edge_697
369	edge_206
370	edge_120
371	edge_850
372	edge_156
373	edge_225
374	edge_665
375	edge_526
376	edge_926
376	edge_835
377	edge_289
377	edge_620
378	edge_373
379	edge_976
