1	edge_1150
2	edge_263
3	edge_152
4	edge_672
5	edge_992
5	edge_666
5	edge_614
5	edge_704
5	edge_1025
5	edge_569
5	edge_1019
5	edge_1029
5	edge_767
5	edge_734
5	edge_1014
5	edge_761
5	edge_1001
5	edge_964
5	edge_948
5	edge_259
5	edge_954
5	edge_580
5	edge_267
5	edge_978
5	edge_1015
5	edge_944
5	edge_981
5	edge_1010
5	edge_953
5	edge_957
5	edge_297
5	edge_543
5	edge_963
6	edge_484
7	edge_235
7	edge_40
7	edge_1121
7	edge_746
7	edge_1043
7	edge_756
7	edge_1041
7	edge_1075
7	edge_1040
7	edge_1044
7	edge_748
7	edge_747
7	edge_744
7	edge_1076
7	edge_43
7	edge_701
7	edge_755
7	edge_742
7	edge_1134
7	edge_754
7	edge_758
7	edge_1135
7	edge_616
7	edge_743
7	edge_1045
7	edge_44
7	edge_895
7	edge_1042
8	edge_526
9	edge_930
10	edge_306
11	edge_421
12	edge_611
13	edge_689
13	edge_729
13	edge_19
13	edge_730
14	edge_698
15	edge_453
16	edge_327
17	edge_943
18	edge_570
19	edge_790
20	edge_1028
20	edge_1027
20	edge_982
20	edge_1009
20	edge_1023
20	edge_1018
21	edge_54
22	edge_749
22	edge_39
22	edge_745
22	edge_42
23	edge_457
23	edge_167
23	edge_1005
23	edge_1080
24	edge_555
24	edge_962
24	edge_432
24	edge_664
25	edge_885
26	edge_433
27	edge_431
28	edge_397
28	edge_398
29	edge_505
29	edge_1111
30	edge_757
31	edge_400
32	edge_452
33	edge_151
33	edge_142
34	edge_317
35	edge_702
36	edge_807
37	edge_24
38	edge_416
39	edge_714
40	edge_811
40	edge_810
41	edge_448
42	edge_794
43	edge_566
44	edge_887
45	edge_133
46	edge_951
47	edge_633
48	edge_808
49	edge_524
50	edge_286
51	edge_298
52	edge_217
53	edge_229
54	edge_190
55	edge_952
55	edge_208
56	edge_821
57	edge_356
58	edge_131
59	edge_977
60	edge_856
61	edge_999
62	edge_803
63	edge_913
64	edge_18
65	edge_390
66	edge_752
67	edge_326
68	edge_493
69	edge_75
70	edge_58
71	edge_375
72	edge_590
73	edge_1085
74	edge_410
75	edge_70
75	edge_105
75	edge_71
75	edge_112
75	edge_85
75	edge_103
75	edge_947
75	edge_545
75	edge_1110
75	edge_519
75	edge_1136
75	edge_95
75	edge_59
75	edge_76
75	edge_91
75	edge_109
75	edge_1050
75	edge_87
75	edge_78
75	edge_1108
75	edge_66
75	edge_83
75	edge_88
75	edge_97
75	edge_483
75	edge_90
75	edge_520
75	edge_1056
75	edge_81
75	edge_60
75	edge_492
75	edge_82
75	edge_544
75	edge_86
75	edge_503
75	edge_518
75	edge_65
75	edge_1055
75	edge_110
75	edge_491
75	edge_102
75	edge_1016
75	edge_72
75	edge_1124
75	edge_502
75	edge_94
75	edge_69
75	edge_63
75	edge_495
75	edge_546
75	edge_486
75	edge_92
75	edge_61
75	edge_487
75	edge_494
75	edge_104
75	edge_504
75	edge_240
75	edge_241
75	edge_62
75	edge_113
75	edge_485
75	edge_1109
75	edge_99
75	edge_77
75	edge_89
75	edge_498
75	edge_1051
75	edge_80
75	edge_1107
75	edge_84
75	edge_488
75	edge_79
75	edge_98
75	edge_68
75	edge_73
75	edge_96
75	edge_101
75	edge_499
75	edge_489
75	edge_500
75	edge_501
75	edge_1053
75	edge_239
75	edge_100
75	edge_581
75	edge_1054
75	edge_108
75	edge_490
75	edge_496
75	edge_497
75	edge_74
75	edge_111
75	edge_1052
75	edge_1078
75	edge_106
75	edge_67
75	edge_64
76	edge_149
77	edge_727
77	edge_628
77	edge_959
78	edge_316
79	edge_817
80	edge_315
81	edge_624
82	edge_160
82	edge_162
83	edge_361
84	edge_921
85	edge_1148
86	edge_1118
87	edge_529
88	edge_998
89	edge_325
90	edge_883
91	edge_1077
92	edge_1000
93	edge_404
94	edge_1017
95	edge_884
96	edge_826
97	edge_700
98	edge_52
99	edge_8
99	edge_728
99	edge_126
100	edge_389
101	edge_25
101	edge_1057
101	edge_242
101	edge_612
101	edge_255
101	edge_194
101	edge_652
101	edge_127
101	edge_198
101	edge_516
101	edge_643
101	edge_116
101	edge_1149
101	edge_251
101	edge_777
101	edge_986
101	edge_1113
101	edge_888
101	edge_301
101	edge_139
101	edge_778
101	edge_532
101	edge_193
101	edge_599
101	edge_562
101	edge_252
101	edge_565
101	edge_272
101	edge_642
101	edge_114
101	edge_135
101	edge_249
101	edge_188
101	edge_128
101	edge_1058
101	edge_222
101	edge_764
101	edge_129
101	edge_256
101	edge_115
101	edge_517
101	edge_610
101	edge_1137
101	edge_244
101	edge_196
101	edge_762
101	edge_515
101	edge_248
101	edge_250
101	edge_22
101	edge_1066
101	edge_563
101	edge_989
101	edge_1079
101	edge_987
101	edge_514
101	edge_1062
101	edge_1114
101	edge_564
101	edge_979
101	edge_164
101	edge_613
101	edge_763
101	edge_1119
101	edge_253
101	edge_187
101	edge_21
101	edge_673
101	edge_988
101	edge_589
101	edge_245
101	edge_739
101	edge_163
101	edge_243
101	edge_533
101	edge_669
101	edge_993
102	edge_265
103	edge_934
104	edge_195
104	edge_995
104	edge_994
104	edge_136
104	edge_247
104	edge_593
105	edge_366
105	edge_685
105	edge_1144
105	edge_645
105	edge_1099
105	edge_912
105	edge_1128
105	edge_370
105	edge_648
105	edge_588
105	edge_1101
105	edge_371
105	edge_916
105	edge_1033
105	edge_462
105	edge_605
105	edge_262
105	edge_931
105	edge_296
105	edge_908
105	edge_381
105	edge_458
105	edge_572
105	edge_367
105	edge_363
105	edge_473
105	edge_527
105	edge_368
105	edge_771
105	edge_647
105	edge_923
105	edge_365
105	edge_456
106	edge_786
107	edge_150
108	edge_665
109	edge_627
110	edge_635
110	edge_1020
110	edge_634
110	edge_838
111	edge_837
111	edge_1021
111	edge_671
112	edge_619
112	edge_1094
112	edge_122
112	edge_179
112	edge_445
112	edge_1060
112	edge_1104
112	edge_174
112	edge_446
112	edge_447
112	edge_955
112	edge_956
112	edge_201
112	edge_183
112	edge_280
112	edge_441
112	edge_1067
112	edge_889
112	edge_765
112	edge_119
112	edge_202
112	edge_176
112	edge_1068
112	edge_199
112	edge_221
112	edge_676
112	edge_28
112	edge_1087
112	edge_1084
112	edge_269
112	edge_618
112	edge_678
112	edge_680
112	edge_282
112	edge_1095
112	edge_621
112	edge_123
112	edge_156
112	edge_197
112	edge_469
112	edge_271
112	edge_1083
112	edge_273
112	edge_1034
112	edge_985
112	edge_1081
112	edge_181
112	edge_178
112	edge_31
112	edge_180
112	edge_1086
112	edge_203
112	edge_138
112	edge_1138
112	edge_668
112	edge_443
112	edge_1072
112	edge_1071
112	edge_26
112	edge_27
112	edge_220
112	edge_695
112	edge_29
112	edge_204
112	edge_1059
112	edge_582
112	edge_270
112	edge_137
112	edge_205
112	edge_1036
112	edge_1061
112	edge_184
112	edge_1035
112	edge_579
112	edge_468
112	edge_281
112	edge_278
112	edge_444
112	edge_294
112	edge_667
112	edge_125
112	edge_574
112	edge_121
112	edge_117
112	edge_958
112	edge_277
112	edge_293
112	edge_279
112	edge_200
112	edge_450
112	edge_124
112	edge_674
112	edge_182
112	edge_961
112	edge_617
112	edge_675
112	edge_470
112	edge_576
112	edge_1082
112	edge_186
112	edge_120
113	edge_1142
114	edge_341
115	edge_1064
115	edge_1063
115	edge_303
116	edge_323
117	edge_334
118	edge_471
119	edge_414
120	edge_936
121	edge_602
122	edge_333
123	edge_796
124	edge_321
125	edge_553
126	edge_32
127	edge_175
128	edge_146
128	edge_148
129	edge_683
130	edge_360
131	edge_377
132	edge_426
133	edge_405
134	edge_802
135	edge_478
136	edge_899
137	edge_805
138	edge_344
139	edge_165
139	edge_166
140	edge_677
141	edge_425
142	edge_615
143	edge_694
144	edge_829
145	edge_406
145	edge_415
145	edge_382
145	edge_384
145	edge_418
145	edge_383
145	edge_399
145	edge_158
145	edge_403
146	edge_153
147	edge_594
147	edge_595
148	edge_276
148	edge_118
148	edge_275
149	edge_712
150	edge_684
151	edge_547
151	edge_140
152	edge_733
152	edge_268
152	edge_177
152	edge_766
152	edge_1026
152	edge_1006
153	edge_550
154	edge_207
154	edge_30
155	edge_169
155	edge_299
155	edge_866
155	edge_300
155	edge_1116
155	edge_170
155	edge_670
155	edge_845
155	edge_172
155	edge_1117
155	edge_991
155	edge_168
155	edge_374
155	edge_868
155	edge_844
155	edge_376
155	edge_843
155	edge_874
155	edge_881
155	edge_869
155	edge_852
155	edge_848
155	edge_173
155	edge_878
155	edge_1129
155	edge_1146
155	edge_1032
155	edge_1145
155	edge_171
155	edge_946
155	edge_861
155	edge_860
155	edge_552
155	edge_880
155	edge_858
155	edge_551
156	edge_411
157	edge_863
158	edge_608
159	edge_417
160	edge_904
161	edge_639
162	edge_847
163	edge_691
164	edge_736
165	edge_1049
166	edge_925
167	edge_809
168	edge_875
169	edge_145
170	edge_428
171	edge_815
172	edge_1070
173	edge_641
174	edge_349
175	edge_429
176	edge_157
177	edge_827
178	edge_980
179	edge_291
179	edge_288
180	edge_266
181	edge_231
182	edge_865
183	edge_937
184	edge_851
185	edge_477
186	edge_332
187	edge_476
188	edge_422
189	edge_107
190	edge_283
191	edge_711
192	edge_567
193	edge_435
194	edge_261
195	edge_828
196	edge_637
196	edge_709
197	edge_350
198	edge_785
199	edge_990
200	edge_924
201	edge_760
201	edge_759
202	edge_401
203	edge_773
204	edge_950
205	edge_941
206	edge_536
207	edge_538
208	edge_795
208	edge_359
208	edge_732
209	edge_535
210	edge_147
211	edge_260
211	edge_586
211	edge_33
211	edge_1037
211	edge_1038
211	edge_36
212	edge_571
212	edge_466
212	edge_192
212	edge_779
212	edge_780
212	edge_508
212	edge_781
213	edge_409
214	edge_706
215	edge_35
216	edge_413
217	edge_1046
218	edge_285
219	edge_340
220	edge_772
221	edge_841
222	edge_309
223	edge_507
223	edge_185
223	edge_558
223	edge_719
223	edge_1126
223	edge_513
223	edge_679
223	edge_782
223	edge_657
223	edge_600
224	edge_531
225	edge_154
226	edge_191
226	edge_512
226	edge_45
227	edge_423
228	edge_378
229	edge_559
230	edge_20
231	edge_542
232	edge_408
233	edge_328
234	edge_882
235	edge_427
235	edge_233
235	edge_234
235	edge_254
235	edge_658
235	edge_1002
235	edge_386
236	edge_348
237	edge_723
238	edge_331
239	edge_238
240	edge_721
241	edge_751
242	edge_424
243	edge_753
244	edge_587
245	edge_352
246	edge_322
247	edge_1122
248	edge_290
249	edge_284
250	edge_362
251	edge_832
252	edge_939
253	edge_890
254	edge_308
255	edge_583
256	edge_189
257	edge_412
258	edge_654
259	edge_324
260	edge_703
261	edge_598
262	edge_820
263	edge_996
264	edge_287
265	edge_699
266	edge_353
267	edge_1065
268	edge_454
269	edge_846
270	edge_442
271	edge_850
272	edge_984
273	edge_155
273	edge_144
273	edge_1123
274	edge_927
275	edge_705
276	edge_214
277	edge_1024
278	edge_246
279	edge_212
279	edge_585
280	edge_626
281	edge_1013
282	edge_859
283	edge_132
284	edge_355
285	edge_430
286	edge_314
287	edge_556
288	edge_561
288	edge_557
288	edge_1012
288	edge_928
288	edge_467
288	edge_735
288	edge_775
288	edge_876
288	edge_130
288	edge_836
288	edge_663
288	edge_1011
288	edge_274
288	edge_23
288	edge_622
288	edge_914
289	edge_304
290	edge_528
291	edge_343
292	edge_440
293	edge_451
294	edge_906
295	edge_872
296	edge_812
297	edge_407
298	edge_901
299	edge_877
300	edge_1102
301	edge_560
302	edge_575
302	edge_604
302	edge_933
302	edge_710
302	edge_907
302	edge_687
302	edge_459
302	edge_724
302	edge_463
302	edge_770
302	edge_461
302	edge_460
302	edge_358
302	edge_902
302	edge_917
302	edge_455
302	edge_224
302	edge_369
302	edge_364
302	edge_909
302	edge_644
302	edge_938
302	edge_573
302	edge_910
302	edge_903
302	edge_1131
302	edge_606
302	edge_922
302	edge_521
302	edge_292
302	edge_915
302	edge_834
302	edge_839
302	edge_720
302	edge_840
302	edge_523
302	edge_357
302	edge_380
302	edge_891
302	edge_935
302	edge_842
302	edge_932
302	edge_911
302	edge_682
302	edge_688
302	edge_929
302	edge_603
302	edge_1098
302	edge_372
302	edge_534
302	edge_686
302	edge_226
302	edge_892
302	edge_646
302	edge_522
302	edge_649
302	edge_774
302	edge_960
302	edge_379
303	edge_776
303	edge_918
303	edge_920
303	edge_607
303	edge_1115
303	edge_651
303	edge_926
303	edge_373
303	edge_707
304	edge_41
304	edge_577
305	edge_578
305	edge_896
306	edge_141
306	edge_681
307	edge_879
308	edge_855
308	edge_50
309	edge_636
309	edge_49
310	edge_919
310	edge_713
311	edge_831
311	edge_833
311	edge_949
312	edge_893
312	edge_835
313	edge_1022
313	edge_632
314	edge_264
315	edge_295
316	edge_854
317	edge_650
318	edge_159
319	edge_330
319	edge_481
319	edge_347
319	edge_482
319	edge_1096
319	edge_474
319	edge_346
319	edge_337
319	edge_56
319	edge_342
319	edge_822
319	edge_329
319	edge_302
319	edge_37
319	edge_479
319	edge_320
319	edge_339
319	edge_1097
319	edge_345
319	edge_1007
319	edge_351
319	edge_1120
320	edge_871
321	edge_143
322	edge_548
323	edge_997
324	edge_554
324	edge_862
324	edge_857
324	edge_945
324	edge_849
324	edge_237
324	edge_870
324	edge_886
325	edge_305
325	edge_14
325	edge_15
325	edge_741
325	edge_465
325	edge_897
325	edge_737
325	edge_213
325	edge_970
325	edge_1147
325	edge_1133
325	edge_971
325	edge_973
325	edge_738
325	edge_967
325	edge_972
325	edge_975
325	edge_506
325	edge_974
325	edge_966
325	edge_968
325	edge_965
325	edge_725
325	edge_726
325	edge_740
325	edge_464
325	edge_969
326	edge_717
327	edge_823
327	edge_1069
327	edge_1008
327	edge_1090
327	edge_1106
327	edge_1092
327	edge_1091
327	edge_336
327	edge_354
327	edge_335
327	edge_1093
327	edge_1089
327	edge_1105
327	edge_475
327	edge_1039
327	edge_1073
327	edge_1088
327	edge_57
327	edge_338
327	edge_209
328	edge_597
329	edge_134
330	edge_708
331	edge_750
332	edge_480
333	edge_894
333	edge_530
334	edge_312
335	edge_638
336	edge_549
337	edge_640
338	edge_310
339	edge_525
340	edge_34
341	edge_93
342	edge_258
342	edge_257
343	edge_392
344	edge_55
345	edge_307
346	edge_472
346	edge_905
346	edge_900
346	edge_722
346	edge_898
347	edge_867
348	edge_319
349	edge_318
350	edge_16
351	edge_873
352	edge_864
353	edge_819
354	edge_653
355	edge_38
356	edge_391
357	edge_601
358	edge_311
358	edge_223
359	edge_396
359	edge_402
359	edge_394
359	edge_393
359	edge_420
360	edge_793
360	edge_716
360	edge_313
361	edge_387
362	edge_161
363	edge_449
364	edge_655
365	edge_804
366	edge_625
366	edge_225
367	edge_825
367	edge_693
367	edge_2
367	edge_539
367	edge_731
367	edge_1003
367	edge_10
367	edge_438
367	edge_798
367	edge_769
367	edge_814
367	edge_510
367	edge_1127
367	edge_227
367	edge_584
367	edge_1100
367	edge_800
367	edge_53
367	edge_17
367	edge_801
367	edge_797
367	edge_791
367	edge_792
367	edge_436
367	edge_3
367	edge_696
367	edge_13
367	edge_596
367	edge_623
367	edge_787
367	edge_48
367	edge_4
367	edge_662
367	edge_434
367	edge_219
367	edge_7
367	edge_824
367	edge_806
367	edge_788
367	edge_816
367	edge_1143
367	edge_692
367	edge_799
367	edge_1004
367	edge_211
367	edge_1130
367	edge_659
367	edge_1112
367	edge_216
367	edge_509
367	edge_11
367	edge_12
367	edge_830
367	edge_210
367	edge_47
367	edge_818
367	edge_940
367	edge_218
367	edge_9
367	edge_784
367	edge_215
367	edge_46
367	edge_813
367	edge_630
367	edge_1141
367	edge_1
367	edge_661
367	edge_591
367	edge_783
367	edge_1074
367	edge_942
367	edge_5
367	edge_6
367	edge_768
367	edge_656
367	edge_568
367	edge_1031
367	edge_232
367	edge_1140
367	edge_437
367	edge_1132
367	edge_789
367	edge_540
367	edge_541
367	edge_983
367	edge_1103
367	edge_1125
367	edge_1047
367	edge_690
367	edge_1139
367	edge_1048
367	edge_629
367	edge_592
367	edge_631
367	edge_660
367	edge_1030
367	edge_51
367	edge_537
367	edge_230
367	edge_511
368	edge_697
369	edge_853
370	edge_388
371	edge_395
372	edge_718
372	edge_228
373	edge_609
373	edge_439
374	edge_385
374	edge_419
375	edge_715
376	edge_206
377	edge_236
378	edge_289
378	edge_620
379	edge_976
