1	edge_867
2	edge_401
3	edge_442
4	edge_334
5	edge_992
5	edge_666
5	edge_614
5	edge_704
5	edge_1025
5	edge_569
5	edge_1019
5	edge_1029
5	edge_767
5	edge_734
5	edge_1014
5	edge_761
5	edge_1001
5	edge_964
5	edge_948
5	edge_259
5	edge_954
5	edge_580
5	edge_267
5	edge_978
5	edge_1015
5	edge_944
5	edge_981
5	edge_1010
5	edge_953
5	edge_957
5	edge_297
5	edge_543
5	edge_963
6	edge_457
6	edge_167
6	edge_1005
6	edge_1080
7	edge_1065
8	edge_478
9	edge_653
10	edge_149
11	edge_943
12	edge_309
13	edge_650
14	edge_214
15	edge_305
16	edge_231
17	edge_560
18	edge_807
19	edge_809
20	edge_654
21	edge_477
22	edge_247
23	edge_413
24	edge_887
25	edge_841
26	edge_689
26	edge_729
26	edge_19
26	edge_730
27	edge_433
28	edge_134
29	edge_757
30	edge_602
31	edge_951
32	edge_387
33	edge_1024
34	edge_423
35	edge_865
36	edge_786
37	edge_235
37	edge_40
37	edge_1121
37	edge_746
37	edge_1043
37	edge_756
37	edge_1041
37	edge_1075
37	edge_1040
37	edge_1044
37	edge_748
37	edge_747
37	edge_1076
37	edge_744
37	edge_43
37	edge_701
37	edge_755
37	edge_742
37	edge_1134
37	edge_754
37	edge_758
37	edge_1135
37	edge_616
37	edge_743
37	edge_1045
37	edge_44
37	edge_895
37	edge_1042
38	edge_408
39	edge_1142
40	edge_811
40	edge_810
41	edge_430
42	edge_555
42	edge_962
42	edge_432
42	edge_664
43	edge_341
44	edge_410
45	edge_627
46	edge_484
47	edge_343
48	edge_1102
49	edge_392
50	edge_136
51	edge_624
52	edge_832
53	edge_18
54	edge_312
55	edge_476
56	edge_1150
57	edge_884
58	edge_727
58	edge_628
58	edge_959
59	edge_997
60	edge_315
61	edge_366
61	edge_685
61	edge_1144
61	edge_1099
61	edge_645
61	edge_912
61	edge_1128
61	edge_370
61	edge_648
61	edge_588
61	edge_1101
61	edge_371
61	edge_462
61	edge_916
61	edge_1033
61	edge_605
61	edge_931
61	edge_262
61	edge_296
61	edge_381
61	edge_908
61	edge_458
61	edge_572
61	edge_367
61	edge_363
61	edge_473
61	edge_527
61	edge_368
61	edge_647
61	edge_771
61	edge_923
61	edge_365
61	edge_456
62	edge_553
63	edge_745
63	edge_749
63	edge_39
63	edge_42
64	edge_1046
65	edge_529
66	edge_683
67	edge_615
68	edge_885
69	edge_147
70	edge_924
71	edge_598
72	edge_323
73	edge_291
73	edge_288
74	edge_32
75	edge_907
76	edge_321
77	edge_851
78	edge_429
79	edge_984
80	edge_753
81	edge_435
82	edge_34
83	edge_925
84	edge_404
85	edge_352
86	edge_877
87	edge_344
88	edge_175
89	edge_90
89	edge_105
89	edge_112
89	edge_81
89	edge_103
89	edge_104
89	edge_947
89	edge_82
89	edge_86
89	edge_1136
89	edge_95
89	edge_59
89	edge_1053
89	edge_91
89	edge_1109
89	edge_99
89	edge_239
89	edge_1055
89	edge_65
89	edge_100
89	edge_491
89	edge_581
89	edge_1016
89	edge_1054
89	edge_89
89	edge_77
89	edge_496
89	edge_1051
89	edge_74
89	edge_1124
89	edge_80
89	edge_111
89	edge_1052
89	edge_94
89	edge_63
89	edge_1078
89	edge_389
89	edge_78
89	edge_79
89	edge_106
89	edge_98
89	edge_83
89	edge_92
89	edge_64
90	edge_751
91	edge_899
92	edge_828
93	edge_8
93	edge_728
93	edge_126
94	edge_182
95	edge_528
96	edge_25
96	edge_1057
96	edge_612
96	edge_242
96	edge_255
96	edge_194
96	edge_652
96	edge_127
96	edge_198
96	edge_516
96	edge_643
96	edge_116
96	edge_1149
96	edge_251
96	edge_777
96	edge_986
96	edge_1113
96	edge_888
96	edge_301
96	edge_139
96	edge_778
96	edge_532
96	edge_193
96	edge_599
96	edge_562
96	edge_252
96	edge_565
96	edge_272
96	edge_642
96	edge_114
96	edge_135
96	edge_249
96	edge_188
96	edge_128
96	edge_1058
96	edge_222
96	edge_764
96	edge_129
96	edge_256
96	edge_115
96	edge_517
96	edge_610
96	edge_1137
96	edge_244
96	edge_196
96	edge_762
96	edge_515
96	edge_248
96	edge_250
96	edge_22
96	edge_1066
96	edge_563
96	edge_989
96	edge_1079
96	edge_987
96	edge_514
96	edge_1062
96	edge_1114
96	edge_564
96	edge_979
96	edge_164
96	edge_613
96	edge_763
96	edge_1119
96	edge_21
96	edge_187
96	edge_673
96	edge_253
96	edge_988
96	edge_589
96	edge_245
96	edge_739
96	edge_163
96	edge_243
96	edge_533
96	edge_669
96	edge_993
97	edge_548
98	edge_298
99	edge_639
100	edge_949
101	edge_679
102	edge_285
103	edge_838
103	edge_1020
103	edge_634
103	edge_635
104	edge_619
104	edge_1094
104	edge_179
104	edge_445
104	edge_1060
104	edge_1104
104	edge_174
104	edge_955
104	edge_446
104	edge_447
104	edge_201
104	edge_183
104	edge_280
104	edge_441
104	edge_1067
104	edge_889
104	edge_765
104	edge_202
104	edge_119
104	edge_176
104	edge_1068
104	edge_199
104	edge_676
104	edge_28
104	edge_1087
104	edge_1084
104	edge_269
104	edge_618
104	edge_678
104	edge_680
104	edge_282
104	edge_1095
104	edge_123
104	edge_621
104	edge_469
104	edge_271
104	edge_1083
104	edge_273
104	edge_1034
104	edge_985
104	edge_1081
104	edge_181
104	edge_178
104	edge_31
104	edge_180
104	edge_1086
104	edge_448
104	edge_203
104	edge_1138
104	edge_668
104	edge_443
104	edge_1072
104	edge_1071
104	edge_195
104	edge_26
104	edge_27
104	edge_220
104	edge_695
104	edge_29
104	edge_204
104	edge_1059
104	edge_582
104	edge_270
104	edge_137
104	edge_205
104	edge_1036
104	edge_1061
104	edge_184
104	edge_1035
104	edge_281
104	edge_278
104	edge_444
104	edge_294
104	edge_667
104	edge_125
104	edge_574
104	edge_121
104	edge_958
104	edge_117
104	edge_277
104	edge_293
104	edge_279
104	edge_200
104	edge_450
104	edge_124
104	edge_674
104	edge_961
104	edge_617
104	edge_470
104	edge_675
104	edge_576
104	edge_1082
104	edge_186
104	edge_120
105	edge_400
106	edge_1122
107	edge_70
107	edge_96
107	edge_101
107	edge_520
107	edge_61
107	edge_71
107	edge_1056
107	edge_85
107	edge_487
107	edge_499
107	edge_494
107	edge_489
107	edge_545
107	edge_504
107	edge_500
107	edge_60
107	edge_1110
107	edge_519
107	edge_544
107	edge_240
107	edge_492
107	edge_62
107	edge_503
107	edge_518
107	edge_76
107	edge_113
107	edge_485
107	edge_97
107	edge_102
107	edge_108
107	edge_72
107	edge_498
107	edge_75
107	edge_490
107	edge_497
107	edge_502
107	edge_1050
107	edge_84
107	edge_69
107	edge_87
107	edge_1108
107	edge_488
107	edge_495
107	edge_546
107	edge_68
107	edge_486
107	edge_67
107	edge_88
107	edge_73
107	edge_483
108	edge_234
109	edge_355
110	edge_802
111	edge_996
112	edge_411
113	edge_260
113	edge_586
113	edge_33
113	edge_1037
113	edge_1038
113	edge_36
114	edge_93
115	edge_405
116	edge_1028
116	edge_1027
116	edge_982
116	edge_1023
116	edge_1009
116	edge_1018
117	edge_831
117	edge_833
118	edge_295
119	edge_263
120	edge_348
121	edge_524
122	edge_707
123	edge_153
124	edge_107
125	edge_241
126	edge_871
127	edge_864
128	edge_143
129	edge_708
130	edge_207
130	edge_30
131	edge_412
132	edge_217
133	edge_397
133	edge_398
134	edge_752
135	edge_883
136	edge_705
137	edge_826
138	edge_426
139	edge_146
139	edge_148
140	edge_122
141	edge_570
142	edge_901
143	edge_276
143	edge_118
143	edge_275
144	edge_1049
145	edge_318
146	edge_817
147	edge_307
148	edge_611
149	edge_875
150	edge_314
151	edge_452
152	edge_890
153	edge_525
154	edge_1064
154	edge_303
154	edge_1063
155	edge_304
156	edge_549
157	edge_655
158	edge_325
159	edge_132
160	edge_388
161	edge_694
162	edge_736
163	edge_937
164	edge_425
165	edge_733
165	edge_268
165	edge_177
165	edge_766
165	edge_1026
165	edge_468
165	edge_956
165	edge_1006
166	edge_52
167	edge_258
167	edge_257
168	edge_796
169	edge_308
170	edge_699
171	edge_703
172	edge_856
173	edge_160
173	edge_162
174	edge_406
174	edge_415
174	edge_382
174	edge_384
174	edge_418
174	edge_399
174	edge_383
174	edge_158
174	edge_403
175	edge_324
176	edge_1070
177	edge_608
178	edge_854
179	edge_850
180	edge_760
180	edge_759
181	edge_451
182	edge_513
183	edge_714
184	edge_152
185	edge_918
186	edge_531
187	edge_317
188	edge_999
189	edge_507
189	edge_185
189	edge_558
189	edge_719
189	edge_1126
189	edge_782
189	edge_657
189	edge_600
190	edge_350
191	edge_327
192	edge_224
193	edge_471
194	edge_1022
194	edge_632
195	edge_165
195	edge_166
196	edge_977
197	edge_939
198	edge_804
199	edge_155
199	edge_144
199	edge_1123
200	edge_1013
201	edge_20
202	edge_454
203	edge_575
204	edge_191
204	edge_512
204	edge_45
205	edge_1000
206	edge_391
207	edge_821
208	edge_322
209	edge_1085
210	edge_360
211	edge_1077
212	edge_872
213	edge_1106
214	edge_542
215	edge_141
215	edge_681
216	edge_1118
217	edge_133
218	edge_677
219	edge_362
220	edge_795
220	edge_359
220	edge_732
221	edge_422
222	edge_161
223	edge_58
224	edge_706
225	edge_934
226	edge_837
226	edge_1021
226	edge_671
227	edge_197
228	edge_156
229	edge_377
230	edge_41
230	edge_190
230	edge_577
231	edge_702
232	edge_571
232	edge_466
232	edge_192
232	edge_779
232	edge_780
232	edge_508
232	edge_579
232	edge_145
232	edge_781
233	edge_1017
234	edge_233
234	edge_254
234	edge_709
234	edge_658
234	edge_1002
235	edge_328
236	edge_407
237	edge_578
237	edge_896
238	edge_906
239	edge_332
240	edge_538
241	edge_843
242	edge_505
242	edge_1111
243	edge_921
244	edge_633
245	edge_1129
245	edge_1032
245	edge_866
245	edge_881
245	edge_551
246	edge_306
247	edge_773
248	edge_526
249	edge_640
250	edge_453
251	edge_310
252	edge_980
253	edge_535
254	edge_859
255	edge_236
256	edge_846
257	edge_1131
258	edge_356
259	edge_35
260	edge_819
261	edge_590
262	edge_424
263	edge_882
264	edge_421
265	edge_556
266	edge_266
267	edge_361
268	edge_390
269	edge_66
270	edge_38
271	edge_805
272	edge_353
273	edge_319
274	edge_717
275	edge_212
275	edge_585
276	edge_229
277	edge_547
277	edge_140
278	edge_721
279	edge_246
280	edge_651
280	edge_1115
280	edge_625
281	edge_776
282	edge_501
283	edge_50
283	edge_14
283	edge_15
283	edge_741
283	edge_855
283	edge_465
283	edge_897
283	edge_737
283	edge_213
283	edge_970
283	edge_49
283	edge_1147
283	edge_1133
283	edge_971
283	edge_973
283	edge_738
283	edge_967
283	edge_1148
283	edge_972
283	edge_975
283	edge_331
283	edge_974
283	edge_506
283	edge_966
283	edge_968
283	edge_965
283	edge_725
283	edge_726
283	edge_740
283	edge_464
283	edge_969
284	edge_261
284	edge_299
284	edge_1116
284	edge_670
284	edge_845
284	edge_172
284	edge_868
284	edge_844
284	edge_550
284	edge_869
284	edge_852
284	edge_173
284	edge_1146
284	edge_1145
284	edge_860
284	edge_861
284	edge_946
284	edge_552
284	edge_858
285	edge_428
286	edge_820
287	edge_150
288	edge_803
289	edge_326
290	edge_665
291	edge_607
291	edge_920
292	edge_449
293	edge_561
293	edge_378
293	edge_894
293	edge_775
293	edge_604
293	edge_876
293	edge_1011
293	edge_622
293	edge_914
293	edge_530
293	edge_723
293	edge_626
293	edge_557
293	edge_928
293	edge_264
293	edge_720
293	edge_836
293	edge_663
293	edge_467
293	edge_472
293	edge_905
293	edge_130
294	edge_417
295	edge_374
296	edge_16
296	edge_375
296	edge_945
296	edge_857
297	edge_672
298	edge_566
299	edge_874
300	edge_684
301	edge_237
302	edge_593
302	edge_933
302	edge_459
302	edge_687
302	edge_710
302	edge_724
302	edge_463
302	edge_770
302	edge_221
302	edge_913
302	edge_461
302	edge_460
302	edge_917
302	edge_902
302	edge_358
302	edge_455
302	edge_238
302	edge_994
302	edge_369
302	edge_138
302	edge_364
302	edge_909
302	edge_644
302	edge_938
302	edge_930
302	edge_573
302	edge_903
302	edge_910
302	edge_606
302	edge_922
302	edge_521
302	edge_292
302	edge_915
302	edge_834
302	edge_839
302	edge_712
302	edge_840
302	edge_523
302	edge_357
302	edge_380
302	edge_891
302	edge_935
302	edge_842
302	edge_932
302	edge_24
302	edge_911
302	edge_682
302	edge_711
302	edge_1098
302	edge_929
302	edge_603
302	edge_688
302	edge_372
302	edge_534
302	edge_686
302	edge_226
302	edge_892
302	edge_646
302	edge_522
302	edge_649
302	edge_774
302	edge_960
302	edge_379
303	edge_290
304	edge_998
305	edge_157
306	edge_54
307	edge_827
308	edge_597
309	edge_936
310	edge_847
310	edge_1117
310	edge_991
310	edge_554
310	edge_862
310	edge_300
310	edge_376
310	edge_879
310	edge_848
310	edge_849
310	edge_870
310	edge_886
311	edge_904
312	edge_893
312	edge_926
312	edge_373
312	edge_835
313	edge_168
313	edge_170
313	edge_171
314	edge_286
315	edge_878
315	edge_880
316	edge_636
317	edge_427
317	edge_386
318	edge_919
318	edge_713
319	edge_823
319	edge_330
319	edge_481
319	edge_347
319	edge_482
319	edge_1069
319	edge_1096
319	edge_1008
319	edge_1090
319	edge_474
319	edge_1092
319	edge_346
319	edge_337
319	edge_56
319	edge_342
319	edge_1091
319	edge_822
319	edge_336
319	edge_329
319	edge_354
319	edge_302
319	edge_37
319	edge_479
319	edge_335
319	edge_1093
319	edge_320
319	edge_1089
319	edge_339
319	edge_1097
319	edge_55
319	edge_1105
319	edge_1039
319	edge_475
319	edge_345
319	edge_1073
319	edge_1088
319	edge_1007
319	edge_57
319	edge_351
319	edge_1120
319	edge_338
319	edge_209
320	edge_274
320	edge_23
320	edge_601
321	edge_416
322	edge_898
323	edge_815
324	edge_431
325	edge_583
326	edge_440
327	edge_151
327	edge_142
328	edge_189
329	edge_559
330	edge_698
331	edge_735
332	edge_812
333	edge_169
334	edge_594
334	edge_595
335	edge_691
336	edge_283
337	edge_208
337	edge_952
338	edge_609
338	edge_439
339	edge_927
340	edge_853
341	edge_722
341	edge_225
342	edge_829
343	edge_316
344	edge_950
345	edge_206
346	edge_638
347	edge_287
348	edge_808
349	edge_1107
350	edge_567
351	edge_700
352	edge_349
353	edge_785
354	edge_493
355	edge_409
356	edge_536
357	edge_990
358	edge_131
359	edge_995
360	edge_159
361	edge_873
362	edge_900
363	edge_1012
364	edge_313
364	edge_716
364	edge_793
364	edge_333
365	edge_750
366	edge_284
367	edge_587
368	edge_265
369	edge_825
369	edge_693
369	edge_2
369	edge_539
369	edge_731
369	edge_1003
369	edge_438
369	edge_10
369	edge_798
369	edge_769
369	edge_697
369	edge_814
369	edge_510
369	edge_1127
369	edge_227
369	edge_584
369	edge_1100
369	edge_53
369	edge_800
369	edge_17
369	edge_801
369	edge_797
369	edge_791
369	edge_792
369	edge_436
369	edge_3
369	edge_696
369	edge_13
369	edge_596
369	edge_623
369	edge_787
369	edge_48
369	edge_4
369	edge_662
369	edge_434
369	edge_219
369	edge_7
369	edge_824
369	edge_806
369	edge_788
369	edge_816
369	edge_1143
369	edge_692
369	edge_799
369	edge_1004
369	edge_211
369	edge_1130
369	edge_659
369	edge_790
369	edge_1112
369	edge_216
369	edge_509
369	edge_11
369	edge_12
369	edge_830
369	edge_228
369	edge_210
369	edge_47
369	edge_818
369	edge_940
369	edge_941
369	edge_218
369	edge_9
369	edge_784
369	edge_215
369	edge_46
369	edge_630
369	edge_813
369	edge_1141
369	edge_1
369	edge_661
369	edge_591
369	edge_783
369	edge_794
369	edge_942
369	edge_1074
369	edge_5
369	edge_6
369	edge_768
369	edge_568
369	edge_656
369	edge_1031
369	edge_232
369	edge_1140
369	edge_437
369	edge_1132
369	edge_789
369	edge_540
369	edge_541
369	edge_983
369	edge_1103
369	edge_1125
369	edge_1047
369	edge_690
369	edge_1139
369	edge_1048
369	edge_629
369	edge_592
369	edge_631
369	edge_660
369	edge_1030
369	edge_51
369	edge_537
369	edge_230
369	edge_511
370	edge_772
371	edge_154
372	edge_480
373	edge_223
373	edge_311
374	edge_110
374	edge_109
375	edge_340
376	edge_715
376	edge_718
377	edge_637
378	edge_414
379	edge_396
379	edge_402
379	edge_394
379	edge_393
379	edge_420
380	edge_385
380	edge_419
381	edge_863
382	edge_395
383	edge_641
384	edge_289
384	edge_620
385	edge_976
