1	edge_992
1	edge_666
1	edge_614
1	edge_704
1	edge_1025
1	edge_569
1	edge_1019
1	edge_1029
1	edge_767
1	edge_734
1	edge_1014
1	edge_761
1	edge_1001
1	edge_964
1	edge_948
1	edge_259
1	edge_954
1	edge_580
1	edge_267
1	edge_978
1	edge_1015
1	edge_944
1	edge_981
1	edge_1010
1	edge_953
1	edge_957
1	edge_297
1	edge_543
1	edge_963
2	edge_999
3	edge_859
4	edge_811
4	edge_810
5	edge_1129
5	edge_1032
5	edge_866
5	edge_881
5	edge_551
6	edge_513
7	edge_312
8	edge_107
9	edge_699
10	edge_829
11	edge_575
12	edge_538
13	edge_428
14	edge_856
15	edge_984
16	edge_143
17	edge_283
18	edge_819
19	edge_689
19	edge_729
19	edge_19
19	edge_730
20	edge_389
21	edge_290
22	edge_570
23	edge_804
24	edge_352
25	edge_324
26	edge_555
26	edge_962
26	edge_432
26	edge_664
27	edge_587
28	edge_229
29	edge_899
30	edge_679
31	edge_321
32	edge_387
33	edge_110
33	edge_109
34	edge_1017
35	edge_238
36	edge_1000
37	edge_785
38	edge_939
39	edge_235
39	edge_40
39	edge_1121
39	edge_746
39	edge_1043
39	edge_756
39	edge_1041
39	edge_1075
39	edge_1040
39	edge_1044
39	edge_747
39	edge_748
39	edge_744
39	edge_1076
39	edge_43
39	edge_701
39	edge_755
39	edge_742
39	edge_1134
39	edge_754
39	edge_758
39	edge_616
39	edge_1135
39	edge_743
39	edge_1045
39	edge_44
39	edge_895
39	edge_1042
40	edge_1028
40	edge_1027
40	edge_982
40	edge_1023
40	edge_1009
40	edge_1018
41	edge_817
42	edge_950
43	edge_24
44	edge_422
45	edge_327
46	edge_853
47	edge_542
48	edge_558
49	edge_397
49	edge_398
50	edge_442
51	edge_691
52	edge_318
53	edge_457
53	edge_1080
53	edge_1005
53	edge_167
54	edge_189
55	edge_708
56	edge_217
57	edge_665
58	edge_850
59	edge_913
60	edge_672
61	edge_355
62	edge_639
63	edge_877
64	edge_550
65	edge_326
66	edge_425
67	edge_388
68	edge_711
69	edge_500
70	edge_70
70	edge_105
70	edge_112
70	edge_71
70	edge_85
70	edge_103
70	edge_947
70	edge_545
70	edge_484
70	edge_1110
70	edge_519
70	edge_1136
70	edge_76
70	edge_95
70	edge_91
70	edge_59
70	edge_75
70	edge_1050
70	edge_87
70	edge_1108
70	edge_78
70	edge_66
70	edge_83
70	edge_88
70	edge_483
70	edge_97
70	edge_90
70	edge_520
70	edge_1056
70	edge_81
70	edge_60
70	edge_492
70	edge_82
70	edge_544
70	edge_86
70	edge_503
70	edge_518
70	edge_1055
70	edge_65
70	edge_491
70	edge_102
70	edge_1016
70	edge_72
70	edge_1124
70	edge_502
70	edge_94
70	edge_69
70	edge_63
70	edge_495
70	edge_546
70	edge_486
70	edge_92
70	edge_61
70	edge_487
70	edge_494
70	edge_104
70	edge_504
70	edge_493
70	edge_240
70	edge_241
70	edge_62
70	edge_113
70	edge_485
70	edge_1109
70	edge_99
70	edge_89
70	edge_77
70	edge_498
70	edge_1051
70	edge_80
70	edge_1107
70	edge_84
70	edge_488
70	edge_79
70	edge_98
70	edge_68
70	edge_73
70	edge_96
70	edge_101
70	edge_499
70	edge_489
70	edge_501
70	edge_1053
70	edge_239
70	edge_100
70	edge_581
70	edge_1054
70	edge_108
70	edge_490
70	edge_496
70	edge_497
70	edge_74
70	edge_111
70	edge_1052
70	edge_1078
70	edge_106
70	edge_67
70	edge_64
71	edge_943
72	edge_865
73	edge_879
74	edge_790
75	edge_150
76	edge_340
77	edge_796
78	edge_401
79	edge_344
80	edge_952
80	edge_208
81	edge_287
82	edge_1049
83	edge_471
84	edge_624
85	edge_42
85	edge_39
85	edge_745
85	edge_749
86	edge_322
87	edge_152
88	edge_505
88	edge_1111
89	edge_867
90	edge_141
90	edge_681
91	edge_151
91	edge_142
92	edge_723
93	edge_548
94	edge_820
95	edge_417
96	edge_593
97	edge_316
98	edge_325
99	edge_292
100	edge_361
101	edge_407
102	edge_846
103	edge_25
103	edge_1057
103	edge_242
103	edge_612
103	edge_255
103	edge_194
103	edge_652
103	edge_127
103	edge_198
103	edge_516
103	edge_643
103	edge_116
103	edge_1149
103	edge_251
103	edge_777
103	edge_986
103	edge_1113
103	edge_888
103	edge_889
103	edge_301
103	edge_139
103	edge_778
103	edge_532
103	edge_193
103	edge_599
103	edge_252
103	edge_565
103	edge_272
103	edge_642
103	edge_114
103	edge_135
103	edge_249
103	edge_188
103	edge_128
103	edge_1058
103	edge_222
103	edge_764
103	edge_129
103	edge_256
103	edge_115
103	edge_517
103	edge_610
103	edge_1137
103	edge_196
103	edge_244
103	edge_762
103	edge_515
103	edge_248
103	edge_250
103	edge_137
103	edge_22
103	edge_1066
103	edge_563
103	edge_989
103	edge_1079
103	edge_987
103	edge_514
103	edge_1062
103	edge_1114
103	edge_564
103	edge_979
103	edge_164
103	edge_613
103	edge_763
103	edge_1119
103	edge_253
103	edge_187
103	edge_21
103	edge_673
103	edge_988
103	edge_589
103	edge_245
103	edge_739
103	edge_163
103	edge_243
103	edge_533
103	edge_669
103	edge_993
104	edge_295
105	edge_838
105	edge_1020
105	edge_634
105	edge_635
106	edge_619
106	edge_1094
106	edge_179
106	edge_445
106	edge_1060
106	edge_1104
106	edge_174
106	edge_955
106	edge_446
106	edge_447
106	edge_201
106	edge_183
106	edge_280
106	edge_441
106	edge_1067
106	edge_765
106	edge_202
106	edge_119
106	edge_176
106	edge_1068
106	edge_199
106	edge_676
106	edge_28
106	edge_562
106	edge_1087
106	edge_1084
106	edge_269
106	edge_618
106	edge_678
106	edge_680
106	edge_282
106	edge_1095
106	edge_123
106	edge_621
106	edge_469
106	edge_271
106	edge_1083
106	edge_273
106	edge_1034
106	edge_985
106	edge_1081
106	edge_181
106	edge_178
106	edge_31
106	edge_180
106	edge_1086
106	edge_448
106	edge_203
106	edge_1138
106	edge_668
106	edge_443
106	edge_1072
106	edge_1071
106	edge_195
106	edge_26
106	edge_27
106	edge_220
106	edge_695
106	edge_29
106	edge_204
106	edge_1059
106	edge_582
106	edge_270
106	edge_205
106	edge_1036
106	edge_1061
106	edge_184
106	edge_1035
106	edge_281
106	edge_278
106	edge_444
106	edge_294
106	edge_667
106	edge_125
106	edge_574
106	edge_117
106	edge_121
106	edge_958
106	edge_277
106	edge_293
106	edge_279
106	edge_200
106	edge_450
106	edge_124
106	edge_674
106	edge_961
106	edge_617
106	edge_470
106	edge_675
106	edge_576
106	edge_1082
106	edge_186
106	edge_120
107	edge_556
108	edge_350
109	edge_366
109	edge_685
109	edge_1144
109	edge_645
109	edge_1099
109	edge_912
109	edge_1128
109	edge_370
109	edge_648
109	edge_588
109	edge_1101
109	edge_371
109	edge_916
109	edge_462
109	edge_1033
109	edge_605
109	edge_262
109	edge_931
109	edge_296
109	edge_908
109	edge_381
109	edge_458
109	edge_572
109	edge_367
109	edge_363
109	edge_473
109	edge_527
109	edge_368
109	edge_647
109	edge_771
109	edge_923
109	edge_365
109	edge_456
110	edge_641
111	edge_392
112	edge_20
113	edge_8
113	edge_126
113	edge_728
114	edge_260
114	edge_586
114	edge_33
114	edge_1037
114	edge_1038
114	edge_36
115	edge_286
116	edge_600
117	edge_837
117	edge_1021
117	edge_671
118	edge_291
118	edge_288
119	edge_826
120	edge_547
120	edge_140
121	edge_333
122	edge_146
122	edge_148
123	edge_937
124	edge_525
125	edge_412
126	edge_921
127	edge_927
128	edge_353
129	edge_237
130	edge_863
131	edge_155
131	edge_144
131	edge_1123
131	edge_149
132	edge_153
133	edge_35
134	edge_266
135	edge_821
136	edge_990
137	edge_362
138	edge_712
139	edge_349
140	edge_160
140	edge_162
141	edge_760
141	edge_759
142	edge_298
143	edge_406
143	edge_415
143	edge_382
143	edge_384
143	edge_418
143	edge_399
143	edge_383
143	edge_158
143	edge_403
144	edge_400
145	edge_924
146	edge_478
147	edge_901
148	edge_334
149	edge_571
149	edge_466
149	edge_192
149	edge_779
149	edge_780
149	edge_508
149	edge_579
149	edge_145
149	edge_781
150	edge_786
151	edge_431
152	edge_314
153	edge_132
154	edge_332
155	edge_429
156	edge_536
157	edge_997
158	edge_705
159	edge_306
160	edge_655
161	edge_882
162	edge_52
163	edge_1064
163	edge_1063
163	edge_303
164	edge_413
165	edge_247
166	edge_476
167	edge_560
168	edge_590
169	edge_828
170	edge_54
171	edge_214
172	edge_872
173	edge_815
174	edge_454
175	edge_535
176	edge_408
177	edge_832
178	edge_549
179	edge_995
179	edge_994
179	edge_136
180	edge_884
181	edge_175
182	edge_526
183	edge_805
184	edge_698
185	edge_938
186	edge_751
187	edge_611
188	edge_285
189	edge_684
190	edge_234
191	edge_319
192	edge_377
193	edge_452
194	edge_808
195	edge_18
196	edge_626
197	edge_935
198	edge_883
199	edge_773
200	edge_841
201	edge_559
202	edge_328
203	edge_156
204	edge_752
205	edge_951
206	edge_733
206	edge_268
206	edge_177
206	edge_1006
206	edge_766
206	edge_1026
206	edge_468
206	edge_956
207	edge_890
208	edge_157
209	edge_683
210	edge_1085
211	edge_934
212	edge_700
213	edge_753
214	edge_147
215	edge_433
216	edge_578
216	edge_896
217	edge_918
218	edge_736
219	edge_404
220	edge_707
221	edge_138
222	edge_795
222	edge_359
222	edge_732
223	edge_654
224	edge_906
225	edge_802
226	edge_207
226	edge_30
227	edge_727
227	edge_628
227	edge_959
228	edge_845
229	edge_803
230	edge_409
231	edge_341
231	edge_637
231	edge_709
232	edge_378
233	edge_875
234	edge_317
235	edge_977
236	edge_284
237	edge_375
238	edge_524
239	edge_507
239	edge_185
239	edge_719
239	edge_1126
239	edge_657
239	edge_782
240	edge_435
241	edge_1070
242	edge_933
242	edge_710
242	edge_687
242	edge_907
242	edge_724
242	edge_459
242	edge_463
242	edge_770
242	edge_461
242	edge_453
242	edge_358
242	edge_917
242	edge_902
242	edge_460
242	edge_455
242	edge_369
242	edge_522
242	edge_364
242	edge_909
242	edge_644
242	edge_930
242	edge_573
242	edge_910
242	edge_903
242	edge_922
242	edge_521
242	edge_706
242	edge_834
242	edge_839
242	edge_840
242	edge_357
242	edge_523
242	edge_891
242	edge_380
242	edge_182
242	edge_842
242	edge_932
242	edge_911
242	edge_682
242	edge_1098
242	edge_929
242	edge_603
242	edge_372
242	edge_534
242	edge_686
242	edge_226
242	edge_892
242	edge_646
242	edge_221
242	edge_649
242	edge_774
242	edge_379
243	edge_276
243	edge_275
243	edge_122
243	edge_449
243	edge_118
244	edge_421
245	edge_608
246	edge_1102
247	edge_848
248	edge_717
249	edge_885
250	edge_41
250	edge_190
250	edge_577
250	edge_615
251	edge_1046
252	edge_941
253	edge_308
254	edge_391
255	edge_154
256	edge_528
257	edge_477
258	edge_246
259	edge_936
260	edge_553
261	edge_851
262	edge_416
263	edge_34
264	edge_949
265	edge_757
266	edge_721
267	edge_809
268	edge_794
269	edge_887
270	edge_343
271	edge_197
272	edge_998
273	edge_602
274	edge_847
275	edge_1122
276	edge_653
277	edge_561
277	edge_894
277	edge_775
277	edge_604
277	edge_876
277	edge_1011
277	edge_622
277	edge_914
277	edge_530
277	edge_557
277	edge_928
277	edge_720
277	edge_264
277	edge_836
277	edge_663
277	edge_467
277	edge_472
277	edge_905
277	edge_130
278	edge_904
279	edge_330
279	edge_481
279	edge_347
279	edge_482
279	edge_1096
279	edge_474
279	edge_346
279	edge_337
279	edge_56
279	edge_342
279	edge_822
279	edge_329
279	edge_302
279	edge_37
279	edge_479
279	edge_320
279	edge_348
279	edge_339
279	edge_1097
279	edge_345
279	edge_1007
279	edge_351
279	edge_1120
280	edge_93
281	edge_703
282	edge_133
283	edge_871
284	edge_410
285	edge_265
286	edge_1142
287	edge_405
288	edge_307
289	edge_323
290	edge_996
291	edge_650
292	edge_1013
293	edge_134
294	edge_315
295	edge_633
296	edge_638
297	edge_566
298	edge_991
298	edge_554
298	edge_862
298	edge_857
298	edge_376
298	edge_945
298	edge_849
298	edge_870
298	edge_886
299	edge_304
300	edge_274
301	edge_823
301	edge_1069
301	edge_1008
301	edge_1090
301	edge_1106
301	edge_1092
301	edge_1065
301	edge_1091
301	edge_336
301	edge_354
301	edge_335
301	edge_1093
301	edge_58
301	edge_1089
301	edge_1105
301	edge_475
301	edge_1039
301	edge_1073
301	edge_1088
301	edge_57
301	edge_338
301	edge_209
302	edge_702
303	edge_165
303	edge_166
304	edge_212
304	edge_585
305	edge_360
306	edge_224
307	edge_651
307	edge_1115
307	edge_625
308	edge_627
309	edge_161
310	edge_356
311	edge_694
312	edge_49
312	edge_636
313	edge_900
314	edge_423
315	edge_552
315	edge_878
315	edge_880
316	edge_594
316	edge_595
317	edge_735
318	edge_223
318	edge_311
319	edge_898
320	edge_915
321	edge_722
321	edge_606
322	edge_131
323	edge_427
323	edge_233
323	edge_254
323	edge_658
323	edge_1002
323	edge_980
323	edge_750
323	edge_386
324	edge_831
324	edge_833
325	edge_169
325	edge_261
325	edge_299
325	edge_300
325	edge_1116
325	edge_170
325	edge_670
325	edge_172
325	edge_1117
325	edge_168
325	edge_868
325	edge_844
325	edge_874
325	edge_843
325	edge_869
325	edge_852
325	edge_16
325	edge_173
325	edge_1146
325	edge_1145
325	edge_171
325	edge_860
325	edge_861
325	edge_946
325	edge_858
326	edge_236
327	edge_426
328	edge_812
329	edge_451
330	edge_1022
330	edge_632
331	edge_609
331	edge_439
332	edge_310
333	edge_1118
334	edge_374
335	edge_191
335	edge_512
335	edge_45
336	edge_598
337	edge_714
338	edge_864
339	edge_807
340	edge_827
341	edge_305
342	edge_258
342	edge_257
343	edge_309
344	edge_776
344	edge_893
344	edge_920
344	edge_835
344	edge_225
344	edge_926
344	edge_373
344	edge_529
345	edge_480
346	edge_440
347	edge_1148
348	edge_772
349	edge_531
350	edge_32
351	edge_50
351	edge_14
351	edge_15
351	edge_855
351	edge_741
351	edge_465
351	edge_897
351	edge_970
351	edge_213
351	edge_737
351	edge_1147
351	edge_1133
351	edge_971
351	edge_973
351	edge_738
351	edge_967
351	edge_972
351	edge_975
351	edge_390
351	edge_331
351	edge_974
351	edge_506
351	edge_966
351	edge_968
351	edge_965
351	edge_725
351	edge_726
351	edge_740
351	edge_464
351	edge_969
352	edge_583
353	edge_414
354	edge_385
354	edge_419
355	edge_1012
356	edge_640
357	edge_396
357	edge_402
357	edge_394
357	edge_393
357	edge_420
357	edge_395
358	edge_715
358	edge_718
358	edge_228
359	edge_206
360	edge_38
361	edge_873
362	edge_567
363	edge_424
364	edge_263
365	edge_597
366	edge_227
367	edge_607
368	edge_430
369	edge_55
370	edge_925
371	edge_716
371	edge_793
371	edge_313
372	edge_411
373	edge_677
374	edge_159
375	edge_1150
376	edge_1131
377	edge_854
378	edge_693
378	edge_825
378	edge_2
378	edge_539
378	edge_731
378	edge_1003
378	edge_10
378	edge_438
378	edge_798
378	edge_769
378	edge_697
378	edge_814
378	edge_510
378	edge_1127
378	edge_584
378	edge_1100
378	edge_800
378	edge_53
378	edge_17
378	edge_801
378	edge_797
378	edge_791
378	edge_792
378	edge_436
378	edge_696
378	edge_3
378	edge_623
378	edge_13
378	edge_596
378	edge_787
378	edge_48
378	edge_4
378	edge_662
378	edge_434
378	edge_219
378	edge_7
378	edge_824
378	edge_806
378	edge_788
378	edge_816
378	edge_1143
378	edge_692
378	edge_799
378	edge_1004
378	edge_211
378	edge_1130
378	edge_659
378	edge_1112
378	edge_216
378	edge_509
378	edge_11
378	edge_12
378	edge_830
378	edge_210
378	edge_47
378	edge_818
378	edge_940
378	edge_9
378	edge_218
378	edge_784
378	edge_215
378	edge_46
378	edge_813
378	edge_630
378	edge_1141
378	edge_1
378	edge_591
378	edge_661
378	edge_783
378	edge_1074
378	edge_942
378	edge_5
378	edge_6
378	edge_768
378	edge_656
378	edge_568
378	edge_1031
378	edge_232
378	edge_1140
378	edge_437
378	edge_1132
378	edge_789
378	edge_540
378	edge_541
378	edge_983
378	edge_1103
378	edge_1125
378	edge_1047
378	edge_690
378	edge_1139
378	edge_1048
378	edge_629
378	edge_592
378	edge_631
378	edge_1030
378	edge_660
378	edge_51
378	edge_537
378	edge_230
378	edge_511
379	edge_1024
380	edge_231
381	edge_1077
382	edge_601
382	edge_960
383	edge_23
384	edge_289
384	edge_620
385	edge_919
385	edge_688
385	edge_713
386	edge_976
