1	edge_815
2	edge_425
3	edge_936
4	edge_350
5	edge_493
6	edge_529
7	edge_992
7	edge_666
7	edge_614
7	edge_543
7	edge_704
7	edge_1025
7	edge_569
7	edge_1019
7	edge_1029
7	edge_767
7	edge_734
7	edge_1014
7	edge_761
7	edge_1001
7	edge_964
7	edge_948
7	edge_259
7	edge_580
7	edge_267
7	edge_978
7	edge_1015
7	edge_944
7	edge_981
7	edge_1010
7	edge_953
7	edge_957
7	edge_297
7	edge_954
7	edge_963
8	edge_182
9	edge_423
10	edge_884
11	edge_478
12	edge_875
13	edge_235
13	edge_40
13	edge_1121
13	edge_746
13	edge_1043
13	edge_756
13	edge_1041
13	edge_1075
13	edge_1040
13	edge_1044
13	edge_748
13	edge_747
13	edge_744
13	edge_1076
13	edge_43
13	edge_701
13	edge_755
13	edge_742
13	edge_1134
13	edge_754
13	edge_758
13	edge_1135
13	edge_616
13	edge_743
13	edge_1045
13	edge_44
13	edge_895
13	edge_1042
14	edge_317
15	edge_160
15	edge_162
16	edge_318
17	edge_749
17	edge_39
17	edge_745
17	edge_42
18	edge_136
19	edge_234
20	edge_863
21	edge_391
22	edge_513
23	edge_286
24	edge_457
24	edge_167
24	edge_1005
24	edge_1080
25	edge_147
26	edge_654
27	edge_453
28	edge_309
29	edge_397
29	edge_398
30	edge_247
31	edge_352
32	edge_266
33	edge_639
34	edge_414
35	edge_24
36	edge_851
37	edge_702
38	edge_817
39	edge_772
40	edge_802
41	edge_934
42	edge_638
43	edge_555
43	edge_962
43	edge_432
43	edge_664
44	edge_650
45	edge_306
46	edge_154
47	edge_803
48	edge_236
49	edge_454
50	edge_1065
51	edge_583
52	edge_1000
53	edge_811
53	edge_810
54	edge_899
55	edge_872
56	edge_146
56	edge_148
57	edge_558
58	edge_377
59	edge_96
59	edge_97
60	edge_258
60	edge_257
61	edge_412
62	edge_75
63	edge_378
64	edge_263
65	edge_691
66	edge_689
66	edge_729
66	edge_19
66	edge_730
67	edge_452
68	edge_70
68	edge_105
68	edge_71
68	edge_112
68	edge_85
68	edge_103
68	edge_947
68	edge_545
68	edge_484
68	edge_1110
68	edge_519
68	edge_1136
68	edge_76
68	edge_95
68	edge_91
68	edge_59
68	edge_109
68	edge_1050
68	edge_87
68	edge_1108
68	edge_78
68	edge_66
68	edge_83
68	edge_88
68	edge_483
68	edge_90
68	edge_520
68	edge_1056
68	edge_81
68	edge_60
68	edge_492
68	edge_544
68	edge_82
68	edge_86
68	edge_503
68	edge_518
68	edge_1055
68	edge_65
68	edge_110
68	edge_491
68	edge_1016
68	edge_102
68	edge_72
68	edge_1124
68	edge_502
68	edge_94
68	edge_69
68	edge_63
68	edge_495
68	edge_546
68	edge_486
68	edge_92
68	edge_61
68	edge_487
68	edge_494
68	edge_104
68	edge_504
68	edge_240
68	edge_241
68	edge_62
68	edge_113
68	edge_485
68	edge_1109
68	edge_99
68	edge_77
68	edge_89
68	edge_498
68	edge_1051
68	edge_80
68	edge_84
68	edge_1107
68	edge_488
68	edge_79
68	edge_98
68	edge_68
68	edge_73
68	edge_101
68	edge_499
68	edge_489
68	edge_500
68	edge_501
68	edge_1053
68	edge_239
68	edge_100
68	edge_581
68	edge_1054
68	edge_108
68	edge_490
68	edge_496
68	edge_497
68	edge_74
68	edge_111
68	edge_1052
68	edge_1078
68	edge_106
68	edge_67
68	edge_64
69	edge_1129
69	edge_1032
69	edge_866
69	edge_881
69	edge_551
70	edge_1028
70	edge_1027
70	edge_982
70	edge_1009
70	edge_1023
70	edge_1018
71	edge_151
71	edge_142
72	edge_1017
73	edge_937
74	edge_1106
75	edge_428
76	edge_567
77	edge_949
78	edge_752
79	edge_334
80	edge_727
80	edge_628
80	edge_959
81	edge_322
82	edge_786
83	edge_366
83	edge_685
83	edge_1099
83	edge_645
83	edge_1144
83	edge_912
83	edge_1128
83	edge_370
83	edge_648
83	edge_588
83	edge_1101
83	edge_371
83	edge_916
83	edge_1033
83	edge_462
83	edge_605
83	edge_931
83	edge_262
83	edge_296
83	edge_381
83	edge_908
83	edge_458
83	edge_572
83	edge_367
83	edge_363
83	edge_473
83	edge_527
83	edge_368
83	edge_647
83	edge_771
83	edge_923
83	edge_365
83	edge_456
84	edge_890
85	edge_190
86	edge_505
86	edge_1111
87	edge_405
88	edge_773
89	edge_927
90	edge_600
91	edge_149
92	edge_360
93	edge_424
94	edge_1118
95	edge_175
96	edge_310
97	edge_38
98	edge_570
99	edge_941
100	edge_575
101	edge_323
102	edge_655
103	edge_571
103	edge_466
103	edge_192
103	edge_779
103	edge_780
103	edge_508
103	edge_153
103	edge_579
103	edge_145
103	edge_781
104	edge_308
105	edge_856
106	edge_134
107	edge_430
108	edge_362
109	edge_587
110	edge_285
111	edge_684
112	edge_760
112	edge_759
113	edge_935
114	edge_374
115	edge_1085
116	edge_525
117	edge_832
118	edge_694
119	edge_327
120	edge_703
121	edge_316
122	edge_553
123	edge_407
124	edge_711
125	edge_18
126	edge_995
126	edge_994
127	edge_679
128	edge_887
129	edge_794
130	edge_305
131	edge_853
132	edge_838
132	edge_1020
132	edge_634
132	edge_635
133	edge_865
134	edge_921
135	edge_785
136	edge_390
137	edge_229
138	edge_723
139	edge_999
140	edge_344
141	edge_843
142	edge_237
143	edge_984
144	edge_331
145	edge_32
146	edge_326
147	edge_904
148	edge_819
149	edge_665
150	edge_477
151	edge_35
152	edge_290
153	edge_751
154	edge_413
155	edge_348
156	edge_304
157	edge_138
158	edge_611
159	edge_641
160	edge_224
161	edge_389
162	edge_536
163	edge_998
164	edge_977
165	edge_590
166	edge_340
167	edge_700
168	edge_721
169	edge_426
170	edge_828
171	edge_291
171	edge_288
172	edge_559
173	edge_126
173	edge_728
173	edge_8
174	edge_155
174	edge_144
174	edge_1123
175	edge_361
176	edge_837
176	edge_1021
176	edge_671
177	edge_826
178	edge_356
179	edge_25
179	edge_1057
179	edge_242
179	edge_612
179	edge_255
179	edge_194
179	edge_652
179	edge_127
179	edge_198
179	edge_516
179	edge_643
179	edge_116
179	edge_1149
179	edge_251
179	edge_986
179	edge_777
179	edge_1113
179	edge_888
179	edge_889
179	edge_301
179	edge_139
179	edge_778
179	edge_532
179	edge_193
179	edge_599
179	edge_252
179	edge_565
179	edge_272
179	edge_642
179	edge_114
179	edge_135
179	edge_249
179	edge_188
179	edge_128
179	edge_1058
179	edge_222
179	edge_764
179	edge_129
179	edge_256
179	edge_115
179	edge_517
179	edge_610
179	edge_1137
179	edge_244
179	edge_196
179	edge_762
179	edge_515
179	edge_248
179	edge_250
179	edge_137
179	edge_22
179	edge_1066
179	edge_563
179	edge_989
179	edge_1079
179	edge_987
179	edge_514
179	edge_1062
179	edge_1114
179	edge_564
179	edge_979
179	edge_164
179	edge_613
179	edge_1119
179	edge_763
179	edge_253
179	edge_673
179	edge_21
179	edge_187
179	edge_988
179	edge_589
179	edge_245
179	edge_739
179	edge_163
179	edge_243
179	edge_533
179	edge_669
179	edge_993
180	edge_217
181	edge_683
182	edge_633
183	edge_292
184	edge_753
185	edge_619
185	edge_1094
185	edge_179
185	edge_445
185	edge_1060
185	edge_1104
185	edge_174
185	edge_955
185	edge_447
185	edge_446
185	edge_201
185	edge_183
185	edge_280
185	edge_441
185	edge_1067
185	edge_765
185	edge_176
185	edge_119
185	edge_202
185	edge_1068
185	edge_199
185	edge_676
185	edge_28
185	edge_562
185	edge_1087
185	edge_1084
185	edge_269
185	edge_618
185	edge_678
185	edge_680
185	edge_282
185	edge_1095
185	edge_123
185	edge_621
185	edge_469
185	edge_271
185	edge_1083
185	edge_273
185	edge_1034
185	edge_985
185	edge_1081
185	edge_181
185	edge_178
185	edge_31
185	edge_180
185	edge_1086
185	edge_448
185	edge_203
185	edge_1138
185	edge_668
185	edge_443
185	edge_1072
185	edge_1071
185	edge_195
185	edge_26
185	edge_27
185	edge_220
185	edge_695
185	edge_29
185	edge_204
185	edge_1059
185	edge_582
185	edge_270
185	edge_205
185	edge_1036
185	edge_1061
185	edge_184
185	edge_1035
185	edge_281
185	edge_278
185	edge_444
185	edge_294
185	edge_667
185	edge_125
185	edge_574
185	edge_958
185	edge_121
185	edge_117
185	edge_277
185	edge_293
185	edge_279
185	edge_200
185	edge_450
185	edge_124
185	edge_674
185	edge_961
185	edge_617
185	edge_675
185	edge_470
185	edge_576
185	edge_1082
185	edge_186
185	edge_120
186	edge_400
187	edge_233
187	edge_254
187	edge_709
187	edge_658
187	edge_1002
188	edge_829
189	edge_417
190	edge_341
191	edge_939
192	edge_598
193	edge_324
194	edge_871
195	edge_593
196	edge_924
197	edge_260
197	edge_586
197	edge_33
197	edge_1037
197	edge_1038
197	edge_36
198	edge_107
199	edge_548
200	edge_404
201	edge_820
202	edge_429
203	edge_804
204	edge_874
205	edge_602
206	edge_355
207	edge_388
208	edge_528
209	edge_41
209	edge_577
210	edge_165
210	edge_166
211	edge_265
212	edge_640
213	edge_1064
213	edge_1063
213	edge_303
214	edge_406
214	edge_415
214	edge_382
214	edge_384
214	edge_418
214	edge_383
214	edge_399
214	edge_158
214	edge_403
215	edge_189
216	edge_637
217	edge_831
217	edge_833
218	edge_507
218	edge_185
218	edge_719
218	edge_1126
218	edge_657
218	edge_782
219	edge_451
220	edge_476
221	edge_52
222	edge_547
222	edge_140
223	edge_531
224	edge_549
225	edge_538
226	edge_951
227	edge_996
228	edge_795
228	edge_732
228	edge_359
229	edge_906
230	edge_693
230	edge_825
230	edge_2
230	edge_539
230	edge_731
230	edge_438
230	edge_10
230	edge_1003
230	edge_798
230	edge_769
230	edge_814
230	edge_510
230	edge_1127
230	edge_433
230	edge_1100
230	edge_800
230	edge_53
230	edge_801
230	edge_797
230	edge_791
230	edge_792
230	edge_436
230	edge_3
230	edge_623
230	edge_13
230	edge_596
230	edge_787
230	edge_48
230	edge_662
230	edge_4
230	edge_434
230	edge_219
230	edge_7
230	edge_824
230	edge_806
230	edge_788
230	edge_1143
230	edge_692
230	edge_799
230	edge_211
230	edge_1130
230	edge_659
230	edge_1112
230	edge_216
230	edge_509
230	edge_11
230	edge_12
230	edge_830
230	edge_210
230	edge_47
230	edge_940
230	edge_9
230	edge_218
230	edge_784
230	edge_215
230	edge_624
230	edge_46
230	edge_630
230	edge_813
230	edge_1141
230	edge_566
230	edge_1
230	edge_591
230	edge_661
230	edge_1046
230	edge_783
230	edge_1074
230	edge_942
230	edge_5
230	edge_6
230	edge_768
230	edge_542
230	edge_656
230	edge_568
230	edge_1031
230	edge_232
230	edge_1140
230	edge_437
230	edge_1132
230	edge_789
230	edge_540
230	edge_541
230	edge_1103
230	edge_1125
230	edge_1047
230	edge_653
230	edge_690
230	edge_1139
230	edge_1048
230	edge_629
230	edge_592
230	edge_631
230	edge_660
230	edge_1030
230	edge_51
230	edge_537
230	edge_230
230	edge_511
231	edge_821
232	edge_712
233	edge_733
233	edge_268
233	edge_177
233	edge_1006
233	edge_766
233	edge_1026
233	edge_468
233	edge_956
234	edge_776
234	edge_926
234	edge_920
234	edge_918
234	edge_1115
234	edge_651
234	edge_607
234	edge_373
234	edge_707
235	edge_877
236	edge_214
237	edge_846
238	edge_161
239	edge_427
239	edge_386
240	edge_333
240	edge_793
240	edge_716
240	edge_313
241	edge_276
241	edge_275
241	edge_122
241	edge_449
241	edge_118
242	edge_396
242	edge_402
242	edge_394
242	edge_421
242	edge_393
242	edge_420
243	edge_556
244	edge_809
245	edge_717
246	edge_207
246	edge_30
247	edge_636
247	edge_49
248	edge_328
249	edge_850
250	edge_950
251	edge_560
252	edge_594
252	edge_595
253	edge_431
254	edge_952
254	edge_208
255	edge_1102
256	edge_143
257	edge_261
257	edge_299
257	edge_1116
257	edge_670
257	edge_845
257	edge_172
257	edge_868
257	edge_844
257	edge_550
257	edge_869
257	edge_852
257	edge_173
257	edge_1146
257	edge_1145
257	edge_946
257	edge_861
257	edge_860
257	edge_552
257	edge_858
258	edge_750
259	edge_907
260	edge_34
261	edge_238
262	edge_307
263	edge_980
264	edge_615
265	edge_435
266	edge_808
267	edge_395
268	edge_315
269	edge_411
270	edge_349
271	edge_864
272	edge_212
272	edge_585
273	edge_141
273	edge_681
274	edge_410
275	edge_353
276	edge_1077
277	edge_312
278	edge_933
278	edge_710
278	edge_724
278	edge_459
278	edge_687
278	edge_463
278	edge_770
278	edge_221
278	edge_461
278	edge_902
278	edge_460
278	edge_358
278	edge_917
278	edge_455
278	edge_369
278	edge_364
278	edge_909
278	edge_644
278	edge_930
278	edge_573
278	edge_903
278	edge_910
278	edge_922
278	edge_521
278	edge_706
278	edge_834
278	edge_839
278	edge_840
278	edge_523
278	edge_357
278	edge_380
278	edge_891
278	edge_932
278	edge_842
278	edge_911
278	edge_682
278	edge_1098
278	edge_929
278	edge_603
278	edge_372
278	edge_534
278	edge_686
278	edge_226
278	edge_892
278	edge_646
278	edge_522
278	edge_649
278	edge_774
278	edge_379
279	edge_54
280	edge_790
281	edge_705
282	edge_471
283	edge_807
284	edge_827
285	edge_422
286	edge_847
287	edge_841
288	edge_885
289	edge_332
290	edge_1150
291	edge_131
292	edge_848
293	edge_597
294	edge_1148
295	edge_283
296	edge_524
297	edge_157
298	edge_699
299	edge_854
300	edge_17
301	edge_159
302	edge_1004
303	edge_584
304	edge_375
304	edge_991
304	edge_554
304	edge_672
304	edge_862
304	edge_857
304	edge_376
304	edge_945
304	edge_849
304	edge_870
304	edge_886
305	edge_878
305	edge_880
306	edge_816
307	edge_168
307	edge_170
307	edge_171
308	edge_287
309	edge_1122
310	edge_440
311	edge_1013
312	edge_698
313	edge_197
314	edge_757
315	edge_997
316	edge_601
316	edge_677
316	edge_609
316	edge_439
316	edge_876
316	edge_663
316	edge_1011
316	edge_274
316	edge_23
316	edge_960
316	edge_622
316	edge_206
316	edge_467
317	edge_925
318	edge_812
318	edge_298
318	edge_823
318	edge_330
318	edge_481
318	edge_347
318	edge_482
318	edge_1069
318	edge_284
318	edge_1096
318	edge_1008
318	edge_1090
318	edge_1120
318	edge_474
318	edge_1092
318	edge_325
318	edge_346
318	edge_56
318	edge_337
318	edge_990
318	edge_342
318	edge_419
318	edge_983
318	edge_822
318	edge_1091
318	edge_336
318	edge_354
318	edge_329
318	edge_302
318	edge_37
318	edge_479
318	edge_321
318	edge_1093
318	edge_320
318	edge_335
318	edge_343
318	edge_311
318	edge_58
318	edge_1089
318	edge_475
318	edge_1105
318	edge_1097
318	edge_339
318	edge_1073
318	edge_319
318	edge_345
318	edge_227
318	edge_1039
318	edge_480
318	edge_385
318	edge_1088
318	edge_1007
318	edge_133
318	edge_57
318	edge_351
318	edge_228
318	edge_55
318	edge_338
318	edge_132
318	edge_209
318	edge_223
319	edge_152
320	edge_873
321	edge_1012
322	edge_93
323	edge_191
323	edge_512
323	edge_45
324	edge_246
325	edge_627
326	edge_401
327	edge_796
328	edge_314
329	edge_882
330	edge_867
331	edge_408
332	edge_608
332	edge_561
332	edge_735
332	edge_894
332	edge_775
332	edge_604
332	edge_900
332	edge_708
332	edge_442
332	edge_914
332	edge_530
332	edge_626
332	edge_1131
332	edge_557
332	edge_915
332	edge_919
332	edge_928
332	edge_526
332	edge_720
332	edge_264
332	edge_836
332	edge_901
332	edge_713
332	edge_688
332	edge_620
332	edge_472
332	edge_905
332	edge_898
332	edge_130
333	edge_1022
333	edge_632
334	edge_943
335	edge_722
335	edge_606
336	edge_16
337	edge_578
337	edge_896
338	edge_295
339	edge_976
339	edge_289
340	edge_231
341	edge_20
342	edge_736
343	edge_1024
344	edge_893
344	edge_835
344	edge_535
344	edge_225
344	edge_625
345	edge_697
345	edge_696
346	edge_387
347	edge_715
347	edge_1070
347	edge_718
348	edge_805
349	edge_416
350	edge_938
351	edge_714
352	edge_818
353	edge_855
353	edge_50
354	edge_14
354	edge_15
354	edge_741
354	edge_465
354	edge_970
354	edge_897
354	edge_213
354	edge_737
354	edge_1147
354	edge_971
354	edge_1133
354	edge_973
354	edge_738
354	edge_972
354	edge_967
354	edge_975
354	edge_506
354	edge_974
354	edge_966
354	edge_968
354	edge_965
354	edge_725
354	edge_726
354	edge_740
354	edge_464
354	edge_969
355	edge_913
356	edge_392
357	edge_879
358	edge_1049
359	edge_409
360	edge_859
361	edge_883
362	edge_156
363	edge_1142
364	edge_150
365	edge_300
365	edge_169
365	edge_1117
