1	edge_235
1	edge_40
1	edge_1121
1	edge_746
1	edge_1043
1	edge_756
1	edge_1041
1	edge_1075
1	edge_1040
1	edge_1044
1	edge_748
1	edge_747
1	edge_744
1	edge_1076
1	edge_43
1	edge_701
1	edge_755
1	edge_742
1	edge_1134
1	edge_754
1	edge_758
1	edge_616
1	edge_1135
1	edge_743
1	edge_1045
1	edge_44
1	edge_895
1	edge_1042
2	edge_992
2	edge_666
2	edge_614
2	edge_543
2	edge_704
2	edge_1025
2	edge_569
2	edge_1019
2	edge_1029
2	edge_767
2	edge_734
2	edge_1014
2	edge_761
2	edge_1001
2	edge_964
2	edge_948
2	edge_259
2	edge_580
2	edge_267
2	edge_978
2	edge_1015
2	edge_944
2	edge_981
2	edge_1010
2	edge_953
2	edge_957
2	edge_297
2	edge_954
2	edge_963
3	edge_936
4	edge_75
5	edge_832
6	edge_757
7	edge_476
8	edge_874
9	edge_430
10	edge_1102
11	edge_362
12	edge_796
13	edge_583
14	edge_749
14	edge_39
14	edge_745
14	edge_42
15	edge_375
16	edge_350
17	edge_856
18	edge_214
19	edge_132
20	edge_308
21	edge_484
22	edge_265
23	edge_208
23	edge_952
24	edge_426
25	edge_776
26	edge_70
27	edge_1085
28	edge_707
29	edge_566
30	edge_453
31	edge_850
32	edge_1142
33	edge_555
33	edge_962
33	edge_432
33	edge_664
34	edge_412
35	edge_887
36	edge_703
37	edge_229
38	edge_326
39	edge_146
39	edge_148
40	edge_941
41	edge_937
42	edge_689
42	edge_729
42	edge_19
42	edge_730
43	edge_925
44	edge_736
45	edge_374
46	edge_421
47	edge_879
48	edge_493
49	edge_500
50	edge_624
51	edge_285
52	edge_32
53	edge_189
54	edge_414
55	edge_1028
55	edge_1027
55	edge_982
55	edge_1009
55	edge_1023
55	edge_1018
56	edge_865
57	edge_134
58	edge_154
59	edge_327
60	edge_411
61	edge_156
62	edge_525
63	edge_812
64	edge_851
65	edge_529
66	edge_105
66	edge_71
66	edge_112
66	edge_85
66	edge_103
66	edge_947
66	edge_545
66	edge_1110
66	edge_519
66	edge_1136
66	edge_76
66	edge_95
66	edge_59
66	edge_91
66	edge_109
66	edge_1050
66	edge_87
66	edge_1108
66	edge_78
66	edge_66
66	edge_83
66	edge_88
66	edge_97
66	edge_483
66	edge_90
66	edge_520
66	edge_1056
66	edge_81
66	edge_60
66	edge_492
66	edge_82
66	edge_544
66	edge_86
66	edge_503
66	edge_518
66	edge_1055
66	edge_65
66	edge_110
66	edge_491
66	edge_1016
66	edge_102
66	edge_72
66	edge_1124
66	edge_502
66	edge_94
66	edge_69
66	edge_63
66	edge_495
66	edge_546
66	edge_486
66	edge_92
66	edge_61
66	edge_487
66	edge_494
66	edge_104
66	edge_504
66	edge_240
66	edge_241
66	edge_62
66	edge_113
66	edge_485
66	edge_1109
66	edge_99
66	edge_89
66	edge_77
66	edge_498
66	edge_1051
66	edge_80
66	edge_84
66	edge_1107
66	edge_488
66	edge_79
66	edge_98
66	edge_68
66	edge_73
66	edge_96
66	edge_101
66	edge_499
66	edge_489
66	edge_501
66	edge_1053
66	edge_239
66	edge_581
66	edge_100
66	edge_1054
66	edge_108
66	edge_490
66	edge_496
66	edge_497
66	edge_74
66	edge_111
66	edge_1052
66	edge_1078
66	edge_106
66	edge_67
66	edge_64
67	edge_234
68	edge_54
69	edge_133
70	edge_829
71	edge_811
71	edge_810
72	edge_305
73	edge_429
74	edge_548
75	edge_93
76	edge_785
77	edge_556
78	edge_246
79	edge_935
80	edge_217
81	edge_593
82	edge_182
83	edge_38
84	edge_615
85	edge_286
86	edge_638
87	edge_35
88	edge_236
89	edge_451
90	edge_291
90	edge_288
91	edge_809
92	edge_864
93	edge_295
94	edge_58
95	edge_927
96	edge_366
96	edge_685
96	edge_1144
96	edge_645
96	edge_1099
96	edge_912
96	edge_1128
96	edge_648
96	edge_370
96	edge_588
96	edge_1101
96	edge_371
96	edge_462
96	edge_916
96	edge_1033
96	edge_605
96	edge_262
96	edge_931
96	edge_296
96	edge_908
96	edge_381
96	edge_458
96	edge_572
96	edge_367
96	edge_363
96	edge_473
96	edge_527
96	edge_368
96	edge_647
96	edge_771
96	edge_923
96	edge_365
96	edge_456
97	edge_175
98	edge_400
99	edge_141
99	edge_681
100	edge_547
100	edge_169
100	edge_299
100	edge_866
100	edge_300
100	edge_1116
100	edge_170
100	edge_670
100	edge_845
100	edge_1117
100	edge_172
100	edge_991
100	edge_168
100	edge_868
100	edge_844
100	edge_376
100	edge_550
100	edge_884
100	edge_843
100	edge_881
100	edge_869
100	edge_852
100	edge_848
100	edge_173
100	edge_1129
100	edge_878
100	edge_1146
100	edge_1032
100	edge_1145
100	edge_171
100	edge_946
100	edge_861
100	edge_860
100	edge_552
100	edge_880
100	edge_858
100	edge_551
101	edge_921
102	edge_700
103	edge_794
104	edge_760
104	edge_759
105	edge_417
106	edge_505
106	edge_1111
107	edge_904
108	edge_841
109	edge_322
110	edge_578
110	edge_896
111	edge_815
112	edge_416
113	edge_699
114	edge_559
115	edge_650
116	edge_846
117	edge_25
117	edge_1057
117	edge_612
117	edge_242
117	edge_255
117	edge_194
117	edge_652
117	edge_127
117	edge_198
117	edge_516
117	edge_643
117	edge_116
117	edge_1149
117	edge_251
117	edge_777
117	edge_986
117	edge_1113
117	edge_888
117	edge_889
117	edge_301
117	edge_139
117	edge_778
117	edge_532
117	edge_193
117	edge_599
117	edge_252
117	edge_565
117	edge_272
117	edge_642
117	edge_114
117	edge_135
117	edge_249
117	edge_188
117	edge_128
117	edge_1058
117	edge_222
117	edge_764
117	edge_129
117	edge_256
117	edge_115
117	edge_517
117	edge_610
117	edge_1137
117	edge_196
117	edge_244
117	edge_762
117	edge_515
117	edge_248
117	edge_250
117	edge_137
117	edge_22
117	edge_1066
117	edge_563
117	edge_989
117	edge_1079
117	edge_987
117	edge_514
117	edge_1062
117	edge_1114
117	edge_564
117	edge_979
117	edge_164
117	edge_613
117	edge_1119
117	edge_763
117	edge_21
117	edge_673
117	edge_253
117	edge_187
117	edge_988
117	edge_589
117	edge_245
117	edge_739
117	edge_163
117	edge_243
117	edge_533
117	edge_669
117	edge_993
118	edge_304
119	edge_821
120	edge_619
120	edge_1094
120	edge_179
120	edge_445
120	edge_1060
120	edge_1104
120	edge_174
120	edge_446
120	edge_955
120	edge_447
120	edge_201
120	edge_183
120	edge_280
120	edge_441
120	edge_1067
120	edge_765
120	edge_176
120	edge_119
120	edge_202
120	edge_1068
120	edge_199
120	edge_676
120	edge_28
120	edge_562
120	edge_1087
120	edge_1084
120	edge_269
120	edge_618
120	edge_678
120	edge_680
120	edge_282
120	edge_1095
120	edge_123
120	edge_621
120	edge_469
120	edge_271
120	edge_1083
120	edge_273
120	edge_1034
120	edge_985
120	edge_1081
120	edge_181
120	edge_178
120	edge_31
120	edge_180
120	edge_1086
120	edge_448
120	edge_203
120	edge_1138
120	edge_668
120	edge_443
120	edge_1072
120	edge_1071
120	edge_195
120	edge_26
120	edge_27
120	edge_220
120	edge_695
120	edge_29
120	edge_204
120	edge_1059
120	edge_582
120	edge_270
120	edge_205
120	edge_1036
120	edge_1061
120	edge_184
120	edge_1035
120	edge_281
120	edge_278
120	edge_444
120	edge_294
120	edge_667
120	edge_125
120	edge_574
120	edge_121
120	edge_117
120	edge_958
120	edge_277
120	edge_293
120	edge_279
120	edge_200
120	edge_450
120	edge_124
120	edge_674
120	edge_961
120	edge_617
120	edge_470
120	edge_675
120	edge_576
120	edge_1082
120	edge_186
120	edge_120
121	edge_627
122	edge_883
123	edge_679
124	edge_847
125	edge_838
125	edge_1020
125	edge_634
125	edge_635
126	edge_307
127	edge_938
128	edge_524
129	edge_328
130	edge_477
131	edge_907
132	edge_457
132	edge_167
132	edge_1005
132	edge_1080
133	edge_440
134	edge_587
135	edge_344
136	edge_290
137	edge_149
138	edge_150
139	edge_157
140	edge_1064
140	edge_303
140	edge_1063
141	edge_837
141	edge_1021
141	edge_671
142	edge_24
143	edge_859
144	edge_1122
145	edge_321
146	edge_136
147	edge_155
147	edge_144
147	edge_1123
148	edge_392
149	edge_349
150	edge_107
151	edge_997
152	edge_18
153	edge_353
154	edge_507
154	edge_185
154	edge_558
154	edge_719
154	edge_1126
154	edge_513
154	edge_782
154	edge_657
154	edge_600
155	edge_702
156	edge_20
157	edge_633
158	edge_1077
159	edge_913
160	edge_711
161	edge_397
161	edge_398
162	edge_433
163	edge_126
163	edge_728
163	edge_8
164	edge_315
165	edge_332
166	edge_906
167	edge_807
168	edge_389
169	edge_325
170	edge_1106
171	edge_531
172	edge_435
173	edge_1024
174	edge_727
174	edge_628
174	edge_959
175	edge_1049
176	edge_999
177	edge_331
178	edge_377
179	edge_260
179	edge_586
179	edge_33
179	edge_1037
179	edge_1038
179	edge_36
180	edge_608
181	edge_924
182	edge_535
183	edge_672
184	edge_287
185	edge_691
186	edge_536
187	edge_641
188	edge_819
189	edge_750
190	edge_598
191	edge_361
192	edge_191
192	edge_512
192	edge_45
193	edge_16
193	edge_945
193	edge_857
194	edge_284
195	edge_653
196	edge_410
197	edge_575
198	edge_41
198	edge_190
198	edge_577
199	edge_528
200	edge_804
201	edge_998
202	edge_790
203	edge_442
204	edge_977
205	edge_602
206	edge_207
206	edge_30
207	edge_875
208	edge_1017
209	edge_143
210	edge_538
211	edge_428
212	edge_231
213	edge_388
214	edge_882
215	edge_1131
216	edge_994
216	edge_995
217	edge_343
218	edge_152
219	edge_717
220	edge_319
221	edge_590
222	edge_233
222	edge_254
222	edge_709
222	edge_658
222	edge_1002
223	edge_422
224	edge_950
225	edge_224
226	edge_867
227	edge_560
228	edge_404
229	edge_52
230	edge_526
231	edge_706
232	edge_751
233	edge_772
234	edge_708
235	edge_890
236	edge_431
237	edge_34
238	edge_261
239	edge_597
240	edge_694
241	edge_549
242	edge_773
243	edge_340
244	edge_951
245	edge_933
245	edge_710
245	edge_724
245	edge_459
245	edge_687
245	edge_463
245	edge_770
245	edge_221
245	edge_461
245	edge_902
245	edge_917
245	edge_358
245	edge_460
245	edge_455
245	edge_238
245	edge_369
245	edge_138
245	edge_364
245	edge_909
245	edge_644
245	edge_930
245	edge_573
245	edge_910
245	edge_903
245	edge_922
245	edge_521
245	edge_834
245	edge_839
245	edge_840
245	edge_523
245	edge_357
245	edge_891
245	edge_380
245	edge_932
245	edge_842
245	edge_911
245	edge_682
245	edge_1098
245	edge_603
245	edge_929
245	edge_372
245	edge_534
245	edge_686
245	edge_454
245	edge_226
245	edge_892
245	edge_646
245	edge_522
245	edge_649
245	edge_774
245	edge_379
246	edge_939
247	edge_626
248	edge_312
249	edge_1000
250	edge_131
251	edge_651
251	edge_1115
251	edge_625
252	edge_721
252	edge_561
252	edge_378
252	edge_894
252	edge_775
252	edge_604
252	edge_876
252	edge_1011
252	edge_622
252	edge_914
252	edge_530
252	edge_723
252	edge_557
252	edge_928
252	edge_720
252	edge_264
252	edge_836
252	edge_663
252	edge_901
252	edge_467
252	edge_472
252	edge_905
252	edge_130
253	edge_665
254	edge_639
255	edge_871
256	edge_258
256	edge_257
257	edge_237
258	edge_408
259	edge_471
260	edge_805
261	edge_391
262	edge_1118
263	edge_1012
264	edge_820
265	edge_452
266	edge_147
267	edge_677
268	edge_161
269	edge_990
270	edge_949
271	edge_333
272	edge_943
273	edge_266
274	edge_683
275	edge_478
276	edge_712
277	edge_1070
278	edge_637
279	edge_165
279	edge_166
280	edge_1013
281	edge_831
281	edge_833
282	edge_298
283	edge_292
284	edge_877
285	edge_827
286	edge_424
287	edge_405
288	edge_427
288	edge_386
289	edge_341
290	edge_885
291	edge_159
292	edge_151
292	edge_142
293	edge_413
294	edge_918
295	edge_423
296	edge_786
297	edge_915
298	edge_314
299	edge_733
299	edge_268
299	edge_177
299	edge_1006
299	edge_766
299	edge_1026
299	edge_468
299	edge_956
300	edge_607
300	edge_920
301	edge_826
302	edge_1148
303	edge_1022
303	edge_632
304	edge_50
304	edge_14
304	edge_15
304	edge_741
304	edge_855
304	edge_465
304	edge_897
304	edge_970
304	edge_213
304	edge_737
304	edge_49
304	edge_1147
304	edge_971
304	edge_1133
304	edge_973
304	edge_738
304	edge_967
304	edge_972
304	edge_975
304	edge_974
304	edge_506
304	edge_966
304	edge_968
304	edge_965
304	edge_725
304	edge_740
304	edge_726
304	edge_464
304	edge_969
305	edge_655
306	edge_140
307	edge_571
307	edge_466
307	edge_192
307	edge_779
307	edge_780
307	edge_508
307	edge_153
307	edge_570
307	edge_579
307	edge_145
307	edge_781
308	edge_274
309	edge_893
309	edge_926
309	edge_373
309	edge_835
310	edge_355
311	edge_406
311	edge_415
311	edge_382
311	edge_384
311	edge_418
311	edge_399
311	edge_383
311	edge_158
311	edge_403
312	edge_640
313	edge_122
314	edge_802
314	edge_594
314	edge_595
315	edge_197
316	edge_276
316	edge_118
316	edge_275
317	edge_898
318	edge_387
319	edge_735
320	edge_324
321	edge_306
322	edge_984
323	edge_554
323	edge_862
323	edge_849
323	edge_870
323	edge_886
324	edge_212
324	edge_585
325	edge_817
326	edge_323
327	edge_752
328	edge_409
329	edge_316
330	edge_310
331	edge_263
332	edge_390
333	edge_803
334	edge_352
335	edge_996
336	edge_934
337	edge_980
338	edge_722
338	edge_606
339	edge_863
340	edge_567
341	edge_698
342	edge_808
343	edge_854
344	edge_705
345	edge_753
346	edge_334
347	edge_401
348	edge_873
349	edge_793
349	edge_716
349	edge_313
350	edge_825
350	edge_693
350	edge_2
350	edge_539
350	edge_654
350	edge_731
350	edge_438
350	edge_1003
350	edge_10
350	edge_798
350	edge_769
350	edge_697
350	edge_814
350	edge_1127
350	edge_227
350	edge_584
350	edge_1100
350	edge_53
350	edge_800
350	edge_17
350	edge_801
350	edge_797
350	edge_791
350	edge_792
350	edge_828
350	edge_436
350	edge_696
350	edge_3
350	edge_13
350	edge_623
350	edge_596
350	edge_787
350	edge_48
350	edge_662
350	edge_4
350	edge_434
350	edge_219
350	edge_7
350	edge_824
350	edge_806
350	edge_788
350	edge_816
350	edge_1143
350	edge_692
350	edge_799
350	edge_1004
350	edge_211
350	edge_1130
350	edge_659
350	edge_1112
350	edge_216
350	edge_509
350	edge_11
350	edge_12
350	edge_830
350	edge_210
350	edge_47
350	edge_818
350	edge_940
350	edge_218
350	edge_9
350	edge_784
350	edge_215
350	edge_46
350	edge_630
350	edge_813
350	edge_1141
350	edge_1
350	edge_591
350	edge_661
350	edge_783
350	edge_942
350	edge_1074
350	edge_5
350	edge_6
350	edge_768
350	edge_542
350	edge_568
350	edge_656
350	edge_1031
350	edge_232
350	edge_1140
350	edge_437
350	edge_1132
350	edge_789
350	edge_540
350	edge_541
350	edge_1103
350	edge_1125
350	edge_690
350	edge_1139
350	edge_1048
350	edge_629
350	edge_592
350	edge_631
350	edge_1030
350	edge_660
350	edge_51
350	edge_537
350	edge_230
350	edge_360
350	edge_511
351	edge_872
352	edge_853
353	edge_225
354	edge_611
355	edge_283
356	edge_425
357	edge_510
358	edge_718
358	edge_228
359	edge_899
360	edge_247
361	edge_396
361	edge_402
361	edge_394
361	edge_393
361	edge_420
362	edge_553
363	edge_348
364	edge_356
365	edge_407
366	edge_1150
367	edge_636
368	edge_795
368	edge_359
368	edge_732
369	edge_900
370	edge_385
370	edge_715
370	edge_419
370	edge_311
370	edge_223
371	edge_449
372	edge_609
372	edge_439
373	edge_983
374	edge_160
374	edge_162
375	edge_330
375	edge_481
375	edge_482
375	edge_347
375	edge_1096
375	edge_474
375	edge_346
375	edge_337
375	edge_56
375	edge_342
375	edge_822
375	edge_329
375	edge_302
375	edge_37
375	edge_479
375	edge_320
375	edge_339
375	edge_1097
375	edge_345
375	edge_1007
375	edge_351
375	edge_1120
376	edge_206
377	edge_309
378	edge_1046
379	edge_395
380	edge_714
381	edge_684
382	edge_823
382	edge_1069
382	edge_318
382	edge_1008
382	edge_317
382	edge_1090
382	edge_1092
382	edge_1065
382	edge_1091
382	edge_336
382	edge_354
382	edge_335
382	edge_1093
382	edge_1089
382	edge_1105
382	edge_475
382	edge_1073
382	edge_1039
382	edge_1088
382	edge_57
382	edge_338
382	edge_209
383	edge_480
384	edge_55
385	edge_1047
386	edge_289
386	edge_620
387	edge_919
387	edge_713
387	edge_688
388	edge_601
388	edge_960
389	edge_976
390	edge_23
