1	edge_1028
1	edge_1027
1	edge_982
1	edge_1023
1	edge_1009
1	edge_1018
2	edge_992
2	edge_666
2	edge_614
2	edge_704
2	edge_1025
2	edge_569
2	edge_1019
2	edge_1029
2	edge_767
2	edge_734
2	edge_1014
2	edge_761
2	edge_1001
2	edge_964
2	edge_948
2	edge_259
2	edge_954
2	edge_580
2	edge_267
2	edge_978
2	edge_1015
2	edge_944
2	edge_981
2	edge_1010
2	edge_953
2	edge_957
2	edge_297
2	edge_543
2	edge_963
3	edge_749
3	edge_39
3	edge_745
3	edge_42
4	edge_794
5	edge_389
6	edge_433
7	edge_904
8	edge_327
9	edge_235
9	edge_40
9	edge_1121
9	edge_746
9	edge_1043
9	edge_756
9	edge_1041
9	edge_1075
9	edge_1040
9	edge_1044
9	edge_748
9	edge_747
9	edge_1076
9	edge_744
9	edge_43
9	edge_701
9	edge_755
9	edge_742
9	edge_1134
9	edge_754
9	edge_758
9	edge_1135
9	edge_616
9	edge_743
9	edge_1045
9	edge_44
9	edge_895
9	edge_1042
10	edge_400
11	edge_654
12	edge_453
13	edge_440
14	edge_442
15	edge_615
16	edge_672
17	edge_999
18	edge_602
19	edge_812
20	edge_702
21	edge_566
22	edge_590
23	edge_322
24	edge_796
25	edge_377
26	edge_471
27	edge_493
28	edge_525
29	edge_236
30	edge_558
31	edge_665
32	edge_306
33	edge_231
34	edge_38
35	edge_352
36	edge_375
37	edge_401
38	edge_867
39	edge_224
40	edge_938
41	edge_287
42	edge_877
43	edge_1118
44	edge_316
45	edge_874
46	edge_598
47	edge_1122
48	edge_526
49	edge_984
50	edge_408
51	edge_291
51	edge_288
52	edge_266
53	edge_846
54	edge_820
55	edge_641
56	edge_422
57	edge_736
58	edge_921
59	edge_1129
59	edge_1032
59	edge_866
59	edge_881
59	edge_551
60	edge_149
61	edge_70
61	edge_105
61	edge_71
61	edge_112
61	edge_85
61	edge_103
61	edge_947
61	edge_545
61	edge_484
61	edge_1110
61	edge_519
61	edge_1136
61	edge_59
61	edge_76
61	edge_91
61	edge_95
61	edge_75
61	edge_109
61	edge_1050
61	edge_87
61	edge_1108
61	edge_78
61	edge_66
61	edge_83
61	edge_88
61	edge_483
61	edge_97
61	edge_90
61	edge_520
61	edge_1056
61	edge_81
61	edge_60
61	edge_492
61	edge_544
61	edge_82
61	edge_86
61	edge_503
61	edge_518
61	edge_1055
61	edge_65
61	edge_110
61	edge_491
61	edge_102
61	edge_1016
61	edge_72
61	edge_1124
61	edge_502
61	edge_94
61	edge_69
61	edge_63
61	edge_495
61	edge_546
61	edge_486
61	edge_92
61	edge_61
61	edge_487
61	edge_494
61	edge_104
61	edge_504
61	edge_240
61	edge_241
61	edge_62
61	edge_113
61	edge_485
61	edge_1109
61	edge_99
61	edge_77
61	edge_89
61	edge_498
61	edge_1051
61	edge_80
61	edge_1107
61	edge_84
61	edge_488
61	edge_79
61	edge_98
61	edge_68
61	edge_73
61	edge_96
61	edge_101
61	edge_499
61	edge_489
61	edge_500
61	edge_501
61	edge_1053
61	edge_239
61	edge_100
61	edge_581
61	edge_1054
61	edge_108
61	edge_490
61	edge_496
61	edge_497
61	edge_74
61	edge_111
61	edge_1052
61	edge_1078
61	edge_106
61	edge_67
61	edge_64
62	edge_457
62	edge_167
62	edge_1080
62	edge_1005
63	edge_848
64	edge_689
64	edge_729
64	edge_19
64	edge_730
65	edge_156
66	edge_882
67	edge_397
67	edge_398
68	edge_505
68	edge_1111
69	edge_990
70	edge_875
71	edge_1046
72	edge_310
73	edge_513
74	edge_388
75	edge_319
76	edge_803
77	edge_362
78	edge_556
79	edge_1150
80	edge_1013
81	edge_845
82	edge_847
83	edge_392
84	edge_157
85	edge_141
85	edge_681
86	edge_161
87	edge_871
88	edge_237
89	edge_597
90	edge_708
91	edge_318
92	edge_553
93	edge_153
94	edge_41
94	edge_760
94	edge_759
94	edge_190
94	edge_577
95	edge_348
96	edge_412
97	edge_292
98	edge_477
99	edge_317
100	edge_428
101	edge_559
102	edge_815
103	edge_650
104	edge_343
105	edge_334
106	edge_258
106	edge_257
107	edge_314
108	edge_410
109	edge_478
110	edge_717
111	edge_366
111	edge_685
111	edge_1099
111	edge_645
111	edge_1144
111	edge_912
111	edge_1128
111	edge_370
111	edge_648
111	edge_588
111	edge_1101
111	edge_371
111	edge_916
111	edge_1033
111	edge_462
111	edge_605
111	edge_931
111	edge_262
111	edge_296
111	edge_908
111	edge_381
111	edge_458
111	edge_572
111	edge_367
111	edge_363
111	edge_473
111	edge_527
111	edge_368
111	edge_647
111	edge_771
111	edge_923
111	edge_365
111	edge_456
112	edge_25
112	edge_1057
112	edge_242
112	edge_612
112	edge_255
112	edge_194
112	edge_652
112	edge_127
112	edge_198
112	edge_516
112	edge_643
112	edge_116
112	edge_1149
112	edge_251
112	edge_777
112	edge_986
112	edge_1113
112	edge_888
112	edge_889
112	edge_301
112	edge_139
112	edge_778
112	edge_532
112	edge_193
112	edge_599
112	edge_252
112	edge_565
112	edge_272
112	edge_642
112	edge_114
112	edge_135
112	edge_249
112	edge_188
112	edge_128
112	edge_1058
112	edge_222
112	edge_764
112	edge_129
112	edge_256
112	edge_115
112	edge_517
112	edge_610
112	edge_1137
112	edge_244
112	edge_196
112	edge_762
112	edge_515
112	edge_248
112	edge_250
112	edge_137
112	edge_22
112	edge_1066
112	edge_563
112	edge_989
112	edge_1079
112	edge_987
112	edge_514
112	edge_1062
112	edge_1114
112	edge_564
112	edge_979
112	edge_164
112	edge_613
112	edge_1119
112	edge_763
112	edge_21
112	edge_673
112	edge_253
112	edge_187
112	edge_988
112	edge_589
112	edge_245
112	edge_739
112	edge_163
112	edge_243
112	edge_533
112	edge_669
112	edge_993
113	edge_633
114	edge_850
115	edge_619
115	edge_1094
115	edge_179
115	edge_445
115	edge_1060
115	edge_1104
115	edge_174
115	edge_446
115	edge_955
115	edge_447
115	edge_201
115	edge_183
115	edge_280
115	edge_441
115	edge_1067
115	edge_765
115	edge_202
115	edge_176
115	edge_119
115	edge_1068
115	edge_199
115	edge_676
115	edge_28
115	edge_562
115	edge_1087
115	edge_1084
115	edge_269
115	edge_618
115	edge_678
115	edge_680
115	edge_282
115	edge_1095
115	edge_621
115	edge_123
115	edge_469
115	edge_271
115	edge_1083
115	edge_273
115	edge_1034
115	edge_985
115	edge_1081
115	edge_181
115	edge_178
115	edge_31
115	edge_180
115	edge_1086
115	edge_448
115	edge_203
115	edge_1138
115	edge_668
115	edge_443
115	edge_1072
115	edge_1071
115	edge_195
115	edge_26
115	edge_27
115	edge_220
115	edge_695
115	edge_29
115	edge_204
115	edge_1059
115	edge_582
115	edge_270
115	edge_205
115	edge_1036
115	edge_1061
115	edge_184
115	edge_1035
115	edge_281
115	edge_278
115	edge_444
115	edge_294
115	edge_667
115	edge_125
115	edge_574
115	edge_958
115	edge_121
115	edge_117
115	edge_277
115	edge_293
115	edge_279
115	edge_200
115	edge_450
115	edge_124
115	edge_674
115	edge_961
115	edge_617
115	edge_470
115	edge_675
115	edge_576
115	edge_1082
115	edge_186
116	edge_707
117	edge_353
118	edge_298
119	edge_132
120	edge_808
121	edge_417
122	edge_54
123	edge_703
124	edge_827
125	edge_378
126	edge_1131
127	edge_247
128	edge_712
129	edge_705
130	edge_263
131	edge_146
131	edge_148
132	edge_1064
132	edge_303
132	edge_1063
133	edge_24
134	edge_854
135	edge_890
136	edge_560
137	edge_811
137	edge_810
138	edge_476
139	edge_751
140	edge_1077
141	edge_935
142	edge_538
143	edge_332
144	edge_374
145	edge_136
146	edge_721
147	edge_627
148	edge_807
149	edge_152
150	edge_994
150	edge_995
151	edge_542
152	edge_570
153	edge_197
154	edge_571
154	edge_466
154	edge_192
154	edge_779
154	edge_780
154	edge_508
154	edge_579
154	edge_145
154	edge_781
155	edge_229
156	edge_727
156	edge_628
156	edge_959
157	edge_107
158	edge_524
159	edge_390
160	edge_555
160	edge_962
160	edge_432
160	edge_664
161	edge_307
162	edge_416
163	edge_429
164	edge_700
165	edge_414
166	edge_934
167	edge_804
168	edge_246
169	edge_265
170	edge_578
170	edge_896
171	edge_404
172	edge_611
173	edge_304
174	edge_829
175	edge_284
176	edge_694
177	edge_950
178	edge_34
179	edge_283
180	edge_93
181	edge_624
182	edge_234
183	edge_918
184	edge_233
184	edge_254
184	edge_709
184	edge_658
184	edge_1002
185	edge_925
186	edge_802
187	edge_8
187	edge_126
187	edge_728
188	edge_411
189	edge_1085
190	edge_913
191	edge_626
192	edge_221
193	edge_723
194	edge_899
195	edge_260
195	edge_586
195	edge_33
195	edge_1037
195	edge_1038
195	edge_36
196	edge_859
197	edge_936
198	edge_150
199	edge_841
200	edge_535
201	edge_547
201	edge_169
201	edge_299
201	edge_300
201	edge_1116
201	edge_170
201	edge_670
201	edge_172
201	edge_1117
201	edge_991
201	edge_168
201	edge_868
201	edge_844
201	edge_376
201	edge_550
201	edge_884
201	edge_843
201	edge_869
201	edge_852
201	edge_878
201	edge_173
201	edge_1146
201	edge_1145
201	edge_171
201	edge_860
201	edge_861
201	edge_946
201	edge_552
201	edge_880
201	edge_858
202	edge_49
202	edge_636
203	edge_821
204	edge_856
205	edge_20
206	edge_35
207	edge_435
208	edge_943
209	edge_451
210	edge_122
211	edge_360
212	edge_939
213	edge_405
214	edge_832
215	edge_608
216	edge_361
217	edge_528
218	edge_147
219	edge_655
220	edge_155
220	edge_144
220	edge_1123
221	edge_980
222	edge_1020
222	edge_838
222	edge_634
222	edge_635
223	edge_711
224	edge_531
225	edge_1102
226	edge_138
227	edge_323
228	edge_937
229	edge_879
230	edge_406
230	edge_415
230	edge_382
230	edge_384
230	edge_418
230	edge_399
230	edge_383
230	edge_158
230	edge_403
231	edge_683
232	edge_331
233	edge_452
234	edge_286
235	edge_706
236	edge_312
237	edge_733
237	edge_268
237	edge_177
237	edge_1006
237	edge_766
237	edge_1026
237	edge_468
237	edge_956
238	edge_837
238	edge_1021
238	edge_671
239	edge_851
239	edge_16
239	edge_945
239	edge_857
240	edge_165
240	edge_166
241	edge_785
242	edge_344
243	edge_356
244	edge_691
245	edge_907
246	edge_324
247	edge_454
248	edge_819
249	edge_853
250	edge_901
251	edge_143
252	edge_1065
253	edge_600
254	edge_575
255	edge_536
256	edge_189
257	edge_757
258	edge_175
259	edge_328
260	edge_120
261	edge_413
262	edge_309
263	edge_276
263	edge_118
263	edge_275
264	edge_906
265	edge_208
265	edge_952
266	edge_341
267	edge_305
268	edge_424
269	edge_295
270	edge_217
271	edge_1106
272	edge_885
273	edge_207
273	edge_30
274	edge_679
275	edge_826
276	edge_430
277	edge_290
278	edge_387
279	edge_750
280	edge_1000
281	edge_684
282	edge_949
283	edge_863
284	edge_140
285	edge_315
286	edge_828
287	edge_870
287	edge_554
287	edge_862
287	edge_849
287	edge_886
288	edge_426
289	edge_160
289	edge_162
290	edge_638
291	edge_151
291	edge_142
292	edge_355
293	edge_1049
294	edge_653
295	edge_776
296	edge_864
297	edge_308
298	edge_567
299	edge_431
300	edge_639
301	edge_18
302	edge_790
303	edge_321
304	edge_651
304	edge_1115
304	edge_625
305	edge_548
306	edge_1024
307	edge_941
308	edge_333
309	edge_699
310	edge_594
310	edge_595
311	edge_238
312	edge_587
313	edge_677
314	edge_698
315	edge_409
316	edge_561
316	edge_557
316	edge_735
316	edge_928
316	edge_775
316	edge_1012
316	edge_467
316	edge_876
316	edge_836
316	edge_130
316	edge_663
316	edge_1011
316	edge_274
316	edge_23
316	edge_622
316	edge_914
317	edge_391
318	edge_134
319	edge_507
319	edge_185
319	edge_719
319	edge_1126
319	edge_782
319	edge_657
320	edge_421
321	edge_549
322	edge_349
323	edge_212
323	edge_585
324	edge_1142
325	edge_805
326	edge_407
327	edge_786
328	edge_425
329	edge_529
330	edge_1148
331	edge_809
332	edge_133
333	edge_32
334	edge_52
335	edge_601
335	edge_960
336	edge_823
336	edge_330
336	edge_481
336	edge_482
336	edge_347
336	edge_1069
336	edge_1008
336	edge_1096
336	edge_1090
336	edge_474
336	edge_1092
336	edge_325
336	edge_346
336	edge_56
336	edge_337
336	edge_342
336	edge_822
336	edge_1091
336	edge_336
336	edge_329
336	edge_354
336	edge_302
336	edge_37
336	edge_335
336	edge_1093
336	edge_479
336	edge_320
336	edge_58
336	edge_1089
336	edge_339
336	edge_1097
336	edge_55
336	edge_1105
336	edge_1073
336	edge_1039
336	edge_345
336	edge_475
336	edge_1088
336	edge_285
336	edge_1007
336	edge_57
336	edge_351
336	edge_1120
336	edge_338
336	edge_209
337	edge_191
337	edge_512
337	edge_45
338	edge_214
339	edge_933
339	edge_722
339	edge_459
339	edge_687
339	edge_724
339	edge_710
339	edge_463
339	edge_770
339	edge_461
339	edge_902
339	edge_460
339	edge_917
339	edge_358
339	edge_455
339	edge_369
339	edge_364
339	edge_909
339	edge_644
339	edge_225
339	edge_930
339	edge_573
339	edge_910
339	edge_903
339	edge_893
339	edge_606
339	edge_922
339	edge_521
339	edge_915
339	edge_834
339	edge_839
339	edge_840
339	edge_523
339	edge_357
339	edge_380
339	edge_891
339	edge_932
339	edge_842
339	edge_911
339	edge_682
339	edge_1098
339	edge_929
339	edge_603
339	edge_372
339	edge_534
339	edge_686
339	edge_226
339	edge_892
339	edge_646
339	edge_522
339	edge_649
339	edge_774
339	edge_379
340	edge_427
340	edge_386
341	edge_396
341	edge_402
341	edge_394
341	edge_393
341	edge_420
342	edge_997
343	edge_795
343	edge_732
343	edge_359
344	edge_264
345	edge_182
346	edge_607
346	edge_920
347	edge_894
347	edge_530
348	edge_223
348	edge_311
349	edge_593
350	edge_825
350	edge_693
350	edge_2
350	edge_539
350	edge_731
350	edge_1003
350	edge_438
350	edge_10
350	edge_798
350	edge_769
350	edge_1070
350	edge_697
350	edge_814
350	edge_510
350	edge_1127
350	edge_227
350	edge_584
350	edge_1100
350	edge_53
350	edge_800
350	edge_17
350	edge_801
350	edge_797
350	edge_791
350	edge_792
350	edge_436
350	edge_817
350	edge_3
350	edge_696
350	edge_13
350	edge_596
350	edge_623
350	edge_787
350	edge_48
350	edge_4
350	edge_662
350	edge_434
350	edge_219
350	edge_7
350	edge_824
350	edge_806
350	edge_788
350	edge_1143
350	edge_692
350	edge_799
350	edge_1004
350	edge_211
350	edge_1130
350	edge_833
350	edge_659
350	edge_1112
350	edge_216
350	edge_509
350	edge_11
350	edge_12
350	edge_830
350	edge_715
350	edge_228
350	edge_210
350	edge_47
350	edge_818
350	edge_940
350	edge_218
350	edge_9
350	edge_784
350	edge_215
350	edge_46
350	edge_630
350	edge_813
350	edge_1141
350	edge_1
350	edge_591
350	edge_661
350	edge_783
350	edge_1074
350	edge_942
350	edge_5
350	edge_6
350	edge_768
350	edge_793
350	edge_831
350	edge_568
350	edge_656
350	edge_1031
350	edge_232
350	edge_1140
350	edge_437
350	edge_1132
350	edge_789
350	edge_540
350	edge_541
350	edge_983
350	edge_1103
350	edge_1125
350	edge_1047
350	edge_690
350	edge_1139
350	edge_1048
350	edge_629
350	edge_592
350	edge_631
350	edge_1030
350	edge_660
350	edge_583
350	edge_51
350	edge_537
350	edge_230
350	edge_511
351	edge_1022
351	edge_632
352	edge_261
353	edge_604
354	edge_996
355	edge_872
356	edge_924
357	edge_977
358	edge_752
359	edge_773
360	edge_385
360	edge_419
361	edge_883
362	edge_159
363	edge_472
363	edge_905
363	edge_898
364	edge_718
365	edge_716
365	edge_313
366	edge_873
367	edge_998
368	edge_753
369	edge_131
370	edge_887
371	edge_1017
372	edge_326
373	edge_640
374	edge_480
375	edge_637
376	edge_855
376	edge_50
377	edge_449
378	edge_14
378	edge_15
378	edge_741
378	edge_465
378	edge_970
378	edge_897
378	edge_213
378	edge_737
378	edge_1147
378	edge_971
378	edge_1133
378	edge_973
378	edge_738
378	edge_967
378	edge_972
378	edge_975
378	edge_974
378	edge_506
378	edge_966
378	edge_968
378	edge_965
378	edge_725
378	edge_740
378	edge_726
378	edge_464
378	edge_969
379	edge_816
380	edge_154
381	edge_340
382	edge_609
382	edge_439
383	edge_900
384	edge_206
385	edge_772
386	edge_865
387	edge_395
388	edge_927
389	edge_714
390	edge_350
391	edge_951
392	edge_720
393	edge_423
394	edge_289
394	edge_620
395	edge_926
395	edge_835
396	edge_373
397	edge_919
397	edge_713
397	edge_688
398	edge_976
