1	edge_453
2	edge_285
3	edge_448
4	edge_992
4	edge_666
4	edge_614
4	edge_543
4	edge_704
4	edge_1025
4	edge_569
4	edge_1019
4	edge_1029
4	edge_767
4	edge_734
4	edge_1014
4	edge_761
4	edge_1001
4	edge_964
4	edge_948
4	edge_259
4	edge_580
4	edge_267
4	edge_978
4	edge_1015
4	edge_944
4	edge_981
4	edge_1010
4	edge_953
4	edge_957
4	edge_297
4	edge_954
4	edge_963
5	edge_451
6	edge_327
7	edge_597
8	edge_235
8	edge_40
8	edge_1121
8	edge_746
8	edge_1043
8	edge_756
8	edge_1041
8	edge_1075
8	edge_1040
8	edge_1044
8	edge_748
8	edge_747
8	edge_744
8	edge_1076
8	edge_43
8	edge_701
8	edge_755
8	edge_742
8	edge_1134
8	edge_754
8	edge_758
8	edge_1135
8	edge_616
8	edge_743
8	edge_1045
8	edge_44
8	edge_895
8	edge_1042
9	edge_727
9	edge_628
9	edge_959
10	edge_405
11	edge_326
12	edge_707
13	edge_854
14	edge_229
15	edge_321
16	edge_590
17	edge_397
17	edge_398
18	edge_608
19	edge_1150
20	edge_366
20	edge_685
20	edge_1099
20	edge_645
20	edge_1144
20	edge_912
20	edge_1128
20	edge_648
20	edge_370
20	edge_588
20	edge_1101
20	edge_371
20	edge_916
20	edge_1033
20	edge_462
20	edge_605
20	edge_931
20	edge_262
20	edge_296
20	edge_908
20	edge_381
20	edge_458
20	edge_572
20	edge_367
20	edge_363
20	edge_473
20	edge_527
20	edge_368
20	edge_771
20	edge_647
20	edge_923
20	edge_365
20	edge_456
21	edge_999
22	edge_1065
23	edge_753
24	edge_772
25	edge_567
26	edge_785
27	edge_848
28	edge_525
29	edge_308
30	edge_435
31	edge_872
32	edge_42
32	edge_39
32	edge_745
32	edge_749
33	edge_760
33	edge_759
34	edge_901
35	edge_689
35	edge_729
35	edge_19
35	edge_730
36	edge_429
37	edge_315
38	edge_1028
38	edge_1027
38	edge_982
38	edge_1023
38	edge_1009
38	edge_1018
39	edge_811
39	edge_810
40	edge_471
41	edge_389
42	edge_143
43	edge_887
44	edge_431
45	edge_802
46	edge_362
47	edge_316
48	edge_90
48	edge_105
48	edge_112
48	edge_81
48	edge_103
48	edge_104
48	edge_947
48	edge_82
48	edge_86
48	edge_1053
48	edge_95
48	edge_59
48	edge_91
48	edge_1136
48	edge_1109
48	edge_99
48	edge_239
48	edge_65
48	edge_1055
48	edge_100
48	edge_491
48	edge_581
48	edge_1016
48	edge_1054
48	edge_77
48	edge_89
48	edge_496
48	edge_74
48	edge_1051
48	edge_1124
48	edge_80
48	edge_111
48	edge_1052
48	edge_94
48	edge_63
48	edge_1078
48	edge_78
48	edge_79
48	edge_106
48	edge_98
48	edge_83
48	edge_92
48	edge_64
49	edge_885
50	edge_146
50	edge_148
51	edge_918
52	edge_865
53	edge_306
54	edge_935
55	edge_827
56	edge_70
56	edge_96
56	edge_101
56	edge_520
56	edge_61
56	edge_71
56	edge_1056
56	edge_85
56	edge_487
56	edge_499
56	edge_494
56	edge_489
56	edge_545
56	edge_504
56	edge_500
56	edge_60
56	edge_484
56	edge_1110
56	edge_519
56	edge_240
56	edge_544
56	edge_492
56	edge_62
56	edge_503
56	edge_518
56	edge_76
56	edge_113
56	edge_485
56	edge_97
56	edge_102
56	edge_108
56	edge_72
56	edge_498
56	edge_75
56	edge_490
56	edge_497
56	edge_502
56	edge_1050
56	edge_84
56	edge_69
56	edge_87
56	edge_1108
56	edge_488
56	edge_495
56	edge_546
56	edge_68
56	edge_486
56	edge_67
56	edge_88
56	edge_73
56	edge_483
57	edge_426
58	edge_291
58	edge_288
59	edge_684
60	edge_377
61	edge_231
62	edge_952
62	edge_208
63	edge_1148
64	edge_665
65	edge_151
65	edge_142
66	edge_812
67	edge_344
68	edge_700
69	edge_531
70	edge_152
71	edge_1111
71	edge_505
72	edge_457
72	edge_167
72	edge_1005
72	edge_1080
73	edge_305
74	edge_904
75	edge_430
76	edge_258
76	edge_257
77	edge_560
78	edge_454
79	edge_390
80	edge_776
81	edge_951
82	edge_1118
83	edge_820
84	edge_937
85	edge_995
85	edge_994
86	edge_698
87	edge_424
88	edge_796
89	edge_307
90	edge_189
91	edge_736
92	edge_711
93	edge_414
94	edge_433
95	edge_526
96	edge_409
97	edge_547
97	edge_140
98	edge_843
99	edge_633
100	edge_375
101	edge_58
102	edge_388
103	edge_906
104	edge_638
105	edge_322
106	edge_310
107	edge_400
108	edge_703
109	edge_298
110	edge_328
111	edge_899
112	edge_349
113	edge_934
114	edge_1106
115	edge_54
116	edge_292
117	edge_938
118	edge_817
119	edge_340
120	edge_611
121	edge_1085
122	edge_1046
123	edge_1024
124	edge_341
125	edge_401
126	edge_314
127	edge_234
128	edge_751
129	edge_941
130	edge_348
131	edge_323
132	edge_410
133	edge_850
134	edge_286
135	edge_25
135	edge_1057
135	edge_242
135	edge_612
135	edge_255
135	edge_194
135	edge_652
135	edge_127
135	edge_198
135	edge_516
135	edge_643
135	edge_116
135	edge_1149
135	edge_251
135	edge_986
135	edge_777
135	edge_1113
135	edge_888
135	edge_301
135	edge_139
135	edge_778
135	edge_532
135	edge_193
135	edge_599
135	edge_562
135	edge_252
135	edge_565
135	edge_272
135	edge_642
135	edge_114
135	edge_135
135	edge_249
135	edge_188
135	edge_128
135	edge_1058
135	edge_222
135	edge_764
135	edge_129
135	edge_256
135	edge_115
135	edge_517
135	edge_610
135	edge_1137
135	edge_244
135	edge_196
135	edge_762
135	edge_515
135	edge_248
135	edge_250
135	edge_22
135	edge_1066
135	edge_563
135	edge_989
135	edge_1079
135	edge_987
135	edge_514
135	edge_1062
135	edge_1114
135	edge_564
135	edge_979
135	edge_164
135	edge_613
135	edge_1119
135	edge_763
135	edge_21
135	edge_187
135	edge_253
135	edge_673
135	edge_988
135	edge_589
135	edge_245
135	edge_739
135	edge_163
135	edge_243
135	edge_533
135	edge_669
135	edge_993
136	edge_66
137	edge_34
138	edge_549
139	edge_619
139	edge_1094
139	edge_179
139	edge_445
139	edge_1060
139	edge_1104
139	edge_174
139	edge_955
139	edge_447
139	edge_446
139	edge_201
139	edge_183
139	edge_280
139	edge_441
139	edge_1067
139	edge_889
139	edge_765
139	edge_176
139	edge_202
139	edge_119
139	edge_1068
139	edge_199
139	edge_676
139	edge_28
139	edge_1087
139	edge_1084
139	edge_269
139	edge_618
139	edge_678
139	edge_680
139	edge_282
139	edge_1095
139	edge_621
139	edge_123
139	edge_469
139	edge_271
139	edge_1083
139	edge_273
139	edge_1034
139	edge_985
139	edge_1081
139	edge_181
139	edge_178
139	edge_31
139	edge_180
139	edge_1086
139	edge_203
139	edge_1138
139	edge_668
139	edge_443
139	edge_1072
139	edge_1071
139	edge_195
139	edge_26
139	edge_27
139	edge_220
139	edge_695
139	edge_29
139	edge_204
139	edge_1059
139	edge_582
139	edge_270
139	edge_205
139	edge_1036
139	edge_1061
139	edge_184
139	edge_1035
139	edge_281
139	edge_278
139	edge_444
139	edge_294
139	edge_667
139	edge_125
139	edge_574
139	edge_117
139	edge_121
139	edge_958
139	edge_277
139	edge_293
139	edge_279
139	edge_200
139	edge_450
139	edge_124
139	edge_674
139	edge_961
139	edge_617
139	edge_470
139	edge_675
139	edge_576
139	edge_1082
139	edge_186
140	edge_702
141	edge_147
142	edge_423
143	edge_246
144	edge_998
145	edge_8
145	edge_728
145	edge_126
146	edge_677
147	edge_343
148	edge_283
149	edge_683
150	edge_924
151	edge_990
152	edge_679
153	edge_50
153	edge_14
153	edge_15
153	edge_741
153	edge_855
153	edge_465
153	edge_970
153	edge_897
153	edge_213
153	edge_737
153	edge_49
153	edge_1147
153	edge_632
153	edge_1133
153	edge_971
153	edge_973
153	edge_738
153	edge_972
153	edge_967
153	edge_975
153	edge_331
153	edge_506
153	edge_974
153	edge_966
153	edge_968
153	edge_965
153	edge_725
153	edge_726
153	edge_740
153	edge_464
153	edge_969
154	edge_355
155	edge_907
156	edge_691
157	edge_1017
158	edge_154
159	edge_32
160	edge_877
161	edge_287
162	edge_856
163	edge_819
164	edge_165
164	edge_166
165	edge_169
165	edge_299
165	edge_866
165	edge_300
165	edge_1116
165	edge_170
165	edge_670
165	edge_845
165	edge_1117
165	edge_172
165	edge_991
165	edge_168
165	edge_374
165	edge_868
165	edge_844
165	edge_376
165	edge_550
165	edge_884
165	edge_874
165	edge_869
165	edge_852
165	edge_878
165	edge_173
165	edge_1129
165	edge_858
165	edge_1146
165	edge_1032
165	edge_1145
165	edge_171
165	edge_946
165	edge_860
165	edge_861
165	edge_552
165	edge_880
165	edge_881
165	edge_551
166	edge_478
167	edge_708
168	edge_260
168	edge_586
168	edge_33
168	edge_1037
168	edge_1038
168	edge_36
169	edge_428
170	edge_859
171	edge_555
171	edge_432
171	edge_664
171	edge_962
172	edge_828
173	edge_575
174	edge_138
175	edge_559
176	edge_214
177	edge_1022
178	edge_238
179	edge_809
180	edge_803
181	edge_882
182	edge_826
183	edge_325
184	edge_155
184	edge_144
184	edge_1123
184	edge_149
185	edge_284
186	edge_587
187	edge_361
188	edge_838
188	edge_1020
188	edge_634
188	edge_635
189	edge_110
189	edge_109
190	edge_829
191	edge_35
192	edge_1013
193	edge_883
194	edge_853
195	edge_529
196	edge_237
197	edge_333
198	edge_392
199	edge_939
200	edge_356
201	edge_535
202	edge_332
203	edge_20
204	edge_197
205	edge_319
206	edge_750
207	edge_157
208	edge_733
208	edge_268
208	edge_177
208	edge_766
208	edge_1026
208	edge_468
208	edge_956
208	edge_1006
209	edge_137
210	edge_120
211	edge_317
212	edge_837
212	edge_1021
212	edge_671
213	edge_160
213	edge_162
214	edge_52
215	edge_276
215	edge_275
215	edge_122
215	edge_449
215	edge_118
216	edge_360
217	edge_641
218	edge_1049
219	edge_807
220	edge_757
221	edge_871
222	edge_640
223	edge_794
224	edge_984
225	edge_821
225	edge_594
225	edge_595
226	edge_304
227	edge_927
228	edge_312
229	edge_391
230	edge_996
231	edge_875
232	edge_890
233	edge_141
233	edge_681
234	edge_1064
234	edge_303
234	edge_1063
235	edge_416
236	edge_832
237	edge_815
238	edge_427
238	edge_159
238	edge_233
238	edge_254
238	edge_658
238	edge_1002
238	edge_980
238	edge_386
239	edge_654
240	edge_913
241	edge_717
242	edge_1142
243	edge_553
244	edge_24
245	edge_712
246	edge_524
247	edge_93
248	edge_263
249	edge_583
250	edge_795
250	edge_732
250	edge_359
251	edge_422
252	edge_452
253	edge_627
254	edge_353
255	edge_949
256	edge_639
257	edge_847
257	edge_870
257	edge_554
257	edge_672
257	edge_862
257	edge_857
257	edge_851
257	edge_945
257	edge_849
257	edge_886
258	edge_407
259	edge_1131
260	edge_873
261	edge_352
262	edge_846
263	edge_867
264	edge_41
264	edge_190
264	edge_577
265	edge_831
265	edge_833
266	edge_425
267	edge_324
268	edge_693
268	edge_825
268	edge_655
268	edge_2
268	edge_539
268	edge_536
268	edge_731
268	edge_1003
268	edge_10
268	edge_438
268	edge_798
268	edge_769
268	edge_1070
268	edge_697
268	edge_18
268	edge_814
268	edge_1127
268	edge_227
268	edge_584
268	edge_1100
268	edge_53
268	edge_800
268	edge_17
268	edge_801
268	edge_797
268	edge_791
268	edge_792
268	edge_436
268	edge_696
268	edge_3
268	edge_13
268	edge_623
268	edge_596
268	edge_787
268	edge_48
268	edge_662
268	edge_4
268	edge_434
268	edge_219
268	edge_7
268	edge_824
268	edge_806
268	edge_788
268	edge_816
268	edge_1143
268	edge_692
268	edge_799
268	edge_1004
268	edge_211
268	edge_1130
268	edge_659
268	edge_1112
268	edge_216
268	edge_509
268	edge_11
268	edge_212
268	edge_12
268	edge_830
268	edge_210
268	edge_47
268	edge_818
268	edge_940
268	edge_9
268	edge_218
268	edge_784
268	edge_215
268	edge_624
268	edge_46
268	edge_630
268	edge_813
268	edge_1141
268	edge_566
268	edge_786
268	edge_1
268	edge_591
268	edge_661
268	edge_783
268	edge_942
268	edge_1074
268	edge_5
268	edge_6
268	edge_768
268	edge_793
268	edge_585
268	edge_542
268	edge_656
268	edge_568
268	edge_1031
268	edge_232
268	edge_1140
268	edge_437
268	edge_1132
268	edge_789
268	edge_540
268	edge_541
268	edge_1103
268	edge_1125
268	edge_653
268	edge_690
268	edge_1139
268	edge_1048
268	edge_629
268	edge_592
268	edge_631
268	edge_660
268	edge_1030
268	edge_51
268	edge_537
268	edge_230
268	edge_511
269	edge_236
270	edge_442
271	edge_879
272	edge_593
273	edge_309
274	edge_207
274	edge_30
275	edge_706
276	edge_528
277	edge_133
278	edge_930
279	edge_156
280	edge_943
281	edge_153
282	edge_921
283	edge_600
284	edge_571
284	edge_466
284	edge_192
284	edge_779
284	edge_780
284	edge_508
284	edge_579
284	edge_145
284	edge_781
285	edge_247
286	edge_808
287	edge_493
288	edge_134
289	edge_131
290	edge_561
290	edge_601
290	edge_687
290	edge_1011
290	edge_914
290	edge_558
290	edge_1122
290	edge_723
290	edge_225
290	edge_644
290	edge_626
290	edge_606
290	edge_521
290	edge_839
290	edge_834
290	edge_357
290	edge_891
290	edge_380
290	edge_372
290	edge_646
290	edge_221
290	edge_274
290	edge_925
290	edge_894
290	edge_775
290	edge_459
290	edge_710
290	edge_770
290	edge_295
290	edge_917
290	edge_369
290	edge_903
290	edge_910
290	edge_893
290	edge_922
290	edge_919
290	edge_836
290	edge_840
290	edge_842
290	edge_932
290	edge_1098
290	edge_603
290	edge_620
290	edge_472
290	edge_649
290	edge_774
290	edge_379
290	edge_206
290	edge_1000
290	edge_602
290	edge_735
290	edge_900
290	edge_876
290	edge_463
290	edge_1012
290	edge_461
290	edge_902
290	edge_358
290	edge_460
290	edge_455
290	edge_909
290	edge_915
290	edge_720
290	edge_264
290	edge_556
290	edge_682
290	edge_688
290	edge_773
290	edge_929
290	edge_534
290	edge_905
290	edge_892
290	edge_898
290	edge_522
290	edge_960
290	edge_604
290	edge_933
290	edge_724
290	edge_722
290	edge_23
290	edge_224
290	edge_364
290	edge_841
290	edge_573
290	edge_557
290	edge_928
290	edge_663
290	edge_523
290	edge_182
290	edge_467
290	edge_911
290	edge_713
290	edge_686
290	edge_226
290	edge_136
290	edge_625
290	edge_130
291	edge_408
292	edge_150
293	edge_538
294	edge_413
295	edge_161
296	edge_823
296	edge_477
296	edge_330
296	edge_481
296	edge_482
296	edge_347
296	edge_1069
296	edge_318
296	edge_1096
296	edge_1008
296	edge_1090
296	edge_474
296	edge_1092
296	edge_346
296	edge_337
296	edge_56
296	edge_342
296	edge_822
296	edge_1091
296	edge_336
296	edge_354
296	edge_329
296	edge_302
296	edge_37
296	edge_335
296	edge_1093
296	edge_479
296	edge_320
296	edge_1089
296	edge_55
296	edge_339
296	edge_1097
296	edge_475
296	edge_1105
296	edge_1073
296	edge_345
296	edge_1039
296	edge_1088
296	edge_1007
296	edge_699
296	edge_57
296	edge_351
296	edge_1120
296	edge_338
296	edge_209
297	edge_412
298	edge_350
299	edge_378
300	edge_265
301	edge_805
302	edge_864
303	edge_530
304	edge_38
305	edge_334
306	edge_510
307	edge_241
308	edge_976
308	edge_289
309	edge_417
310	edge_1047
311	edge_637
311	edge_709
312	edge_290
313	edge_950
314	edge_790
315	edge_578
315	edge_896
316	edge_609
316	edge_439
317	edge_716
317	edge_313
318	edge_480
319	edge_266
320	edge_651
320	edge_1115
321	edge_636
322	edge_175
323	edge_705
324	edge_217
325	edge_1077
326	edge_476
327	edge_132
328	edge_977
329	edge_752
330	edge_501
331	edge_421
332	edge_997
333	edge_607
333	edge_920
334	edge_1107
335	edge_411
336	edge_440
337	edge_804
338	edge_261
339	edge_598
340	edge_16
341	edge_223
341	edge_311
342	edge_721
343	edge_1102
344	edge_983
345	edge_936
346	edge_570
347	edge_615
348	edge_863
349	edge_107
350	edge_650
351	edge_406
351	edge_415
351	edge_382
351	edge_384
351	edge_418
351	edge_399
351	edge_383
351	edge_158
351	edge_403
352	edge_385
352	edge_419
353	edge_718
353	edge_228
354	edge_715
355	edge_396
355	edge_402
355	edge_394
355	edge_393
355	edge_420
355	edge_395
356	edge_548
357	edge_714
358	edge_694
359	edge_404
360	edge_387
361	edge_622
362	edge_513
363	edge_507
363	edge_185
363	edge_719
363	edge_1126
363	edge_782
363	edge_657
364	edge_191
364	edge_512
364	edge_45
365	edge_926
365	edge_835
366	edge_373
