1	edge_984
2	edge_864
3	edge_757
4	edge_831
4	edge_833
5	edge_750
6	edge_208
6	edge_952
7	edge_356
8	edge_452
9	edge_472
10	edge_720
11	edge_386
11	edge_427
12	edge_829
13	edge_132
14	edge_718
15	edge_597
16	edge_8
16	edge_126
16	edge_728
17	edge_501
18	edge_283
19	edge_409
20	edge_586
20	edge_1037
20	edge_1038
20	edge_36
20	edge_33
21	edge_70
22	edge_165
22	edge_166
23	edge_319
24	edge_735
25	edge_819
26	edge_857
27	edge_622
28	edge_913
29	edge_412
30	edge_875
31	edge_683
32	edge_531
33	edge_882
34	edge_317
35	edge_559
36	edge_414
37	edge_885
38	edge_709
39	edge_633
40	edge_1077
41	edge_344
42	edge_54
43	edge_1102
44	edge_786
45	edge_236
46	edge_160
46	edge_162
47	edge_849
47	edge_862
48	edge_435
49	edge_816
50	edge_262
50	edge_296
50	edge_367
50	edge_363
50	edge_365
50	edge_370
50	edge_366
50	edge_368
50	edge_381
50	edge_456
50	edge_462
50	edge_458
50	edge_473
50	edge_572
50	edge_527
50	edge_371
50	edge_605
50	edge_647
50	edge_648
50	edge_645
50	edge_685
50	edge_771
50	edge_908
50	edge_912
50	edge_916
50	edge_923
50	edge_931
50	edge_588
50	edge_1033
50	edge_1101
50	edge_1099
50	edge_1144
50	edge_1128
51	edge_284
52	edge_306
53	edge_413
54	edge_32
55	edge_387
56	edge_598
57	edge_671
57	edge_837
57	edge_1021
58	edge_167
58	edge_457
58	edge_1005
58	edge_1080
59	edge_705
60	edge_326
61	edge_556
62	edge_901
63	edge_655
64	edge_156
65	edge_500
66	edge_265
67	edge_790
68	edge_330
68	edge_822
69	edge_19
69	edge_689
69	edge_729
69	edge_730
70	edge_143
71	edge_583
72	edge_436
72	edge_540
72	edge_692
72	edge_801
72	edge_1030
72	edge_1100
72	edge_1125
72	edge_1140
72	edge_1132
72	edge_1103
73	edge_377
74	edge_449
75	edge_853
76	edge_407
77	edge_570
78	edge_602
79	edge_996
80	edge_1046
81	edge_708
82	edge_526
83	edge_341
84	edge_826
85	edge_851
86	edge_154
87	edge_360
88	edge_817
89	edge_982
89	edge_1009
89	edge_1018
89	edge_1023
89	edge_1027
89	edge_1028
90	edge_1013
91	edge_1000
92	edge_238
93	edge_759
93	edge_760
94	edge_1024
95	edge_994
95	edge_995
96	edge_134
97	edge_374
98	edge_918
99	edge_264
100	edge_237
101	edge_883
102	edge_287
103	edge_285
104	edge_454
105	edge_145
106	edge_935
107	edge_551
107	edge_881
107	edge_866
107	edge_1129
107	edge_1032
108	edge_39
108	edge_42
108	edge_745
108	edge_749
109	edge_411
110	edge_133
111	edge_310
112	edge_333
113	edge_566
114	edge_211
114	edge_769
115	edge_477
116	edge_872
117	edge_1131
118	edge_212
118	edge_585
119	edge_431
120	edge_835
120	edge_926
121	edge_37
121	edge_302
121	edge_329
121	edge_337
121	edge_339
121	edge_351
121	edge_347
121	edge_342
121	edge_474
121	edge_482
121	edge_481
121	edge_479
121	edge_1007
121	edge_1120
122	edge_567
123	edge_665
124	edge_157
125	edge_197
126	edge_453
127	edge_907
128	edge_802
129	edge_1148
130	edge_827
131	edge_45
131	edge_191
131	edge_512
132	edge_426
133	edge_785
134	edge_539
134	edge_1141
135	edge_421
136	edge_428
137	edge_292
138	edge_346
139	edge_315
140	edge_535
141	edge_677
142	edge_711
143	edge_141
143	edge_681
144	edge_322
145	edge_990
146	edge_997
147	edge_40
147	edge_44
147	edge_43
147	edge_235
147	edge_616
147	edge_701
147	edge_742
147	edge_746
147	edge_744
147	edge_748
147	edge_743
147	edge_754
147	edge_755
147	edge_747
147	edge_758
147	edge_756
147	edge_895
147	edge_1041
147	edge_1040
147	edge_1043
147	edge_1042
147	edge_1045
147	edge_1044
147	edge_1076
147	edge_1075
147	edge_1135
147	edge_1121
147	edge_1134
148	edge_936
149	edge_24
150	edge_915
151	edge_52
152	edge_925
153	edge_863
154	edge_140
154	edge_547
155	edge_846
156	edge_352
157	edge_137
158	edge_110
159	edge_27
159	edge_28
159	edge_31
159	edge_29
159	edge_26
159	edge_119
159	edge_124
159	edge_123
159	edge_121
159	edge_125
159	edge_117
159	edge_176
159	edge_178
159	edge_180
159	edge_181
159	edge_179
159	edge_184
159	edge_183
159	edge_186
159	edge_174
159	edge_199
159	edge_202
159	edge_200
159	edge_203
159	edge_205
159	edge_204
159	edge_201
159	edge_220
159	edge_271
159	edge_273
159	edge_269
159	edge_277
159	edge_270
159	edge_279
159	edge_293
159	edge_281
159	edge_280
159	edge_294
159	edge_278
159	edge_444
159	edge_445
159	edge_446
159	edge_447
159	edge_441
159	edge_450
159	edge_469
159	edge_470
159	edge_574
159	edge_576
159	edge_582
159	edge_617
159	edge_618
159	edge_621
159	edge_619
159	edge_667
159	edge_676
159	edge_675
159	edge_680
159	edge_674
159	edge_668
159	edge_695
159	edge_765
159	edge_958
159	edge_955
159	edge_961
159	edge_985
159	edge_1035
159	edge_1034
159	edge_1036
159	edge_1060
159	edge_1061
159	edge_1059
159	edge_1067
159	edge_1068
159	edge_1081
159	edge_1072
159	edge_1082
159	edge_1086
159	edge_1084
159	edge_1071
159	edge_1087
159	edge_1094
159	edge_1095
159	edge_1104
159	edge_282
159	edge_195
159	edge_443
159	edge_678
159	edge_1083
159	edge_1138
159	edge_448
159	edge_120
159	edge_889
160	edge_924
161	edge_886
162	edge_349
163	edge_130
164	edge_354
164	edge_336
164	edge_1069
164	edge_1088
164	edge_1073
164	edge_1090
164	edge_1039
165	edge_549
166	edge_334
167	edge_658
168	edge_524
169	edge_625
169	edge_651
169	edge_1115
170	edge_788
171	edge_874
172	edge_521
173	edge_476
174	edge_233
174	edge_254
174	edge_1002
175	edge_906
176	edge_571
176	edge_508
177	edge_104
177	edge_99
177	edge_947
177	edge_1053
177	edge_60
177	edge_63
177	edge_62
177	edge_65
177	edge_68
177	edge_61
177	edge_71
177	edge_73
177	edge_76
177	edge_69
177	edge_77
177	edge_59
177	edge_78
177	edge_84
177	edge_85
177	edge_81
177	edge_80
177	edge_87
177	edge_72
177	edge_74
177	edge_88
177	edge_67
177	edge_90
177	edge_95
177	edge_82
177	edge_83
177	edge_94
177	edge_86
177	edge_89
177	edge_101
177	edge_92
177	edge_102
177	edge_91
177	edge_108
177	edge_113
177	edge_112
177	edge_79
177	edge_64
177	edge_239
177	edge_240
177	edge_483
177	edge_485
177	edge_486
177	edge_488
177	edge_489
177	edge_491
177	edge_487
177	edge_495
177	edge_496
177	edge_494
177	edge_492
177	edge_499
177	edge_497
177	edge_498
177	edge_502
177	edge_503
177	edge_504
177	edge_490
177	edge_518
177	edge_519
177	edge_520
177	edge_544
177	edge_546
177	edge_545
177	edge_581
177	edge_1050
177	edge_1051
177	edge_1056
177	edge_1055
177	edge_1052
177	edge_1078
177	edge_1108
177	edge_1109
177	edge_1110
177	edge_1107
177	edge_1124
177	edge_1136
177	edge_109
178	edge_706
179	edge_1142
180	edge_158
180	edge_382
180	edge_399
180	edge_403
180	edge_415
180	edge_418
180	edge_406
180	edge_384
180	edge_383
181	edge_900
182	edge_392
183	edge_510
184	edge_694
185	edge_752
186	edge_258
186	edge_257
187	edge_424
188	edge_893
189	edge_21
189	edge_25
189	edge_114
189	edge_127
189	edge_128
189	edge_129
189	edge_115
189	edge_116
189	edge_139
189	edge_135
189	edge_22
189	edge_164
189	edge_187
189	edge_193
189	edge_163
189	edge_196
189	edge_188
189	edge_198
189	edge_194
189	edge_222
189	edge_242
189	edge_245
189	edge_249
189	edge_250
189	edge_243
189	edge_255
189	edge_248
189	edge_251
189	edge_256
189	edge_244
189	edge_253
189	edge_252
189	edge_272
189	edge_301
189	edge_514
189	edge_515
189	edge_517
189	edge_516
189	edge_532
189	edge_533
189	edge_563
189	edge_564
189	edge_589
189	edge_599
189	edge_612
189	edge_565
189	edge_610
189	edge_613
189	edge_642
189	edge_643
189	edge_652
189	edge_669
189	edge_673
189	edge_739
189	edge_762
189	edge_764
189	edge_763
189	edge_777
189	edge_778
189	edge_888
189	edge_979
189	edge_986
189	edge_989
189	edge_987
189	edge_988
189	edge_993
189	edge_1066
189	edge_1062
189	edge_1057
189	edge_1058
189	edge_1079
189	edge_1114
189	edge_1113
189	edge_1119
189	edge_1137
189	edge_1149
189	edge_562
190	edge_263
191	edge_23
192	edge_640
193	edge_298
194	edge_318
195	edge_327
196	edge_663
196	edge_1011
196	edge_876
197	edge_260
198	edge_611
199	edge_241
200	edge_467
201	edge_309
202	edge_332
203	edge_478
204	edge_867
205	edge_635
205	edge_838
205	edge_634
205	edge_1020
206	edge_324
207	edge_557
207	edge_928
207	edge_914
208	edge_267
208	edge_259
208	edge_297
208	edge_543
208	edge_569
208	edge_580
208	edge_614
208	edge_666
208	edge_704
208	edge_734
208	edge_761
208	edge_767
208	edge_944
208	edge_953
208	edge_948
208	edge_954
208	edge_957
208	edge_963
208	edge_964
208	edge_978
208	edge_981
208	edge_992
208	edge_1001
208	edge_1010
208	edge_1014
208	edge_1015
208	edge_1019
208	edge_1025
208	edge_1029
209	edge_890
210	edge_390
211	edge_231
212	edge_830
212	edge_4
212	edge_3
212	edge_12
212	edge_11
212	edge_2
212	edge_6
212	edge_53
212	edge_210
212	edge_216
212	edge_215
212	edge_232
212	edge_434
212	edge_437
212	edge_509
212	edge_511
212	edge_541
212	edge_537
212	edge_568
212	edge_592
212	edge_596
212	edge_630
212	edge_631
212	edge_656
212	edge_659
212	edge_661
212	edge_662
212	edge_690
212	edge_693
212	edge_768
212	edge_783
212	edge_784
212	edge_787
212	edge_791
212	edge_798
212	edge_797
212	edge_799
212	edge_792
212	edge_800
212	edge_806
212	edge_813
212	edge_814
212	edge_824
212	edge_825
212	edge_940
212	edge_942
212	edge_1003
212	edge_1031
212	edge_1048
212	edge_1074
212	edge_1112
212	edge_1127
212	edge_1139
212	edge_1130
212	edge_1143
212	edge_230
212	edge_789
213	edge_553
214	edge_847
215	edge_303
215	edge_1063
215	edge_1064
216	edge_20
217	edge_641
218	edge_209
218	edge_57
218	edge_335
219	edge_362
220	edge_865
221	edge_397
221	edge_398
222	edge_106
222	edge_100
222	edge_103
222	edge_105
222	edge_111
222	edge_98
222	edge_1016
222	edge_1054
223	edge_150
224	edge_340
225	edge_338
225	edge_475
225	edge_823
225	edge_1008
225	edge_1092
225	edge_1091
225	edge_1093
225	edge_1089
225	edge_1105
226	edge_821
227	edge_636
228	edge_405
229	edge_650
230	edge_410
231	edge_274
232	edge_55
233	edge_289
233	edge_620
234	edge_359
234	edge_732
234	edge_795
235	edge_579
235	edge_780
235	edge_779
235	edge_781
235	edge_192
235	edge_466
236	edge_15
236	edge_1133
236	edge_14
236	edge_50
236	edge_49
236	edge_213
236	edge_465
236	edge_506
236	edge_464
236	edge_726
236	edge_725
236	edge_737
236	edge_738
236	edge_740
236	edge_741
236	edge_855
236	edge_897
236	edge_966
236	edge_965
236	edge_967
236	edge_970
236	edge_968
236	edge_969
236	edge_971
236	edge_972
236	edge_973
236	edge_975
236	edge_974
236	edge_1147
237	edge_637
238	edge_715
239	edge_190
240	edge_575
241	edge_1004
242	edge_451
243	edge_560
244	edge_983
245	edge_307
246	edge_820
247	edge_894
248	edge_214
249	edge_433
250	edge_810
250	edge_811
251	edge_879
252	edge_480
253	edge_395
254	edge_773
255	edge_805
256	edge_305
257	edge_774
258	edge_698
259	edge_775
259	edge_836
260	edge_721
261	edge_391
262	edge_528
263	edge_898
264	edge_660
265	edge_343
266	edge_404
267	edge_654
268	edge_484
269	edge_234
270	edge_856
271	edge_440
272	edge_949
273	edge_316
274	edge_229
275	edge_536
276	edge_714
277	edge_34
278	edge_17
279	edge_41
279	edge_577
280	edge_848
281	edge_587
282	edge_175
283	edge_159
284	edge_638
285	edge_606
285	edge_722
286	edge_884
287	edge_416
288	edge_312
289	edge_38
290	edge_980
291	edge_930
292	edge_432
292	edge_664
292	edge_555
292	edge_962
293	edge_419
294	edge_845
295	edge_608
296	edge_812
297	edge_1012
298	edge_871
299	edge_713
299	edge_919
300	edge_937
301	edge_554
301	edge_870
302	edge_439
302	edge_609
303	edge_168
303	edge_169
303	edge_171
303	edge_170
303	edge_172
303	edge_173
303	edge_299
303	edge_300
303	edge_376
303	edge_552
303	edge_670
303	edge_844
303	edge_852
303	edge_860
303	edge_861
303	edge_858
303	edge_869
303	edge_868
303	edge_880
303	edge_878
303	edge_946
303	edge_991
303	edge_1117
303	edge_1116
303	edge_1146
303	edge_1145
304	edge_375
305	edge_295
306	edge_429
307	edge_408
308	edge_950
309	edge_717
310	edge_221
311	edge_807
312	edge_712
313	edge_189
314	edge_355
315	edge_290
316	edge_672
317	edge_736
318	edge_627
319	edge_843
320	edge_590
321	edge_999
322	edge_361
323	edge_149
324	edge_615
325	edge_331
326	edge_632
326	edge_1022
327	edge_75
328	edge_161
329	edge_321
330	edge_226
330	edge_358
330	edge_357
330	edge_364
330	edge_372
330	edge_369
330	edge_379
330	edge_380
330	edge_455
330	edge_459
330	edge_460
330	edge_463
330	edge_461
330	edge_523
330	edge_522
330	edge_534
330	edge_573
330	edge_603
330	edge_646
330	edge_649
330	edge_644
330	edge_682
330	edge_686
330	edge_687
330	edge_710
330	edge_724
330	edge_770
330	edge_834
330	edge_839
330	edge_840
330	edge_842
330	edge_891
330	edge_892
330	edge_902
330	edge_903
330	edge_910
330	edge_911
330	edge_909
330	edge_917
330	edge_922
330	edge_933
330	edge_929
330	edge_1098
331	edge_558
332	edge_30
332	edge_207
333	edge_529
334	edge_136
335	edge_122
336	edge_628
336	edge_727
336	edge_959
337	edge_772
338	edge_696
339	edge_808
340	edge_733
340	edge_1026
340	edge_177
340	edge_268
340	edge_766
340	edge_956
340	edge_1006
340	edge_468
341	edge_776
342	edge_887
343	edge_941
344	edge_9
344	edge_13
344	edge_5
344	edge_47
344	edge_7
344	edge_46
344	edge_1
344	edge_219
344	edge_438
344	edge_591
344	edge_629
345	edge_402
345	edge_420
345	edge_393
345	edge_394
345	edge_396
346	edge_505
346	edge_1111
347	edge_96
347	edge_97
348	edge_538
349	edge_561
350	edge_16
351	edge_688
352	edge_345
352	edge_320
352	edge_1096
352	edge_1097
352	edge_56
353	edge_998
354	edge_288
354	edge_291
355	edge_943
356	edge_691
357	edge_138
358	edge_142
358	edge_151
359	edge_1106
360	edge_471
361	edge_594
361	edge_595
362	edge_1065
363	edge_707
364	edge_286
365	edge_753
366	edge_796
367	edge_977
368	edge_905
369	edge_148
369	edge_146
370	edge_530
371	edge_442
372	edge_185
372	edge_507
372	edge_719
372	edge_782
372	edge_1126
372	edge_657
373	edge_904
374	edge_639
375	edge_877
376	edge_18
377	edge_1017
378	edge_960
379	edge_131
380	edge_266
381	edge_542
382	edge_217
383	edge_348
384	edge_584
385	edge_313
385	edge_716
386	edge_815
387	edge_1085
388	edge_107
389	edge_604
390	edge_225
391	edge_223
391	edge_311
392	edge_803
393	edge_934
394	edge_388
395	edge_699
396	edge_850
397	edge_182
398	edge_227
399	edge_723
400	edge_624
401	edge_328
402	edge_325
403	edge_679
404	edge_147
405	edge_804
406	edge_373
407	edge_601
408	edge_417
409	edge_144
409	edge_155
409	edge_1123
410	edge_976
411	edge_854
412	edge_702
413	edge_921
414	edge_323
415	edge_153
416	edge_932
417	edge_703
418	edge_873
419	edge_550
420	edge_607
420	edge_920
421	edge_593
422	edge_1047
423	edge_385
424	edge_1049
425	edge_228
426	edge_938
427	edge_927
428	edge_697
429	edge_93
430	edge_578
430	edge_896
431	edge_1118
432	edge_206
433	edge_828
434	edge_353
435	edge_423
436	edge_794
437	edge_1070
438	edge_832
439	edge_945
440	edge_653
441	edge_626
442	edge_389
443	edge_859
444	edge_818
445	edge_246
446	edge_1150
447	edge_600
448	edge_247
449	edge_793
450	edge_809
451	edge_118
451	edge_275
451	edge_276
452	edge_1122
453	edge_548
454	edge_513
455	edge_58
456	edge_261
456	edge_51
456	edge_10
456	edge_48
456	edge_218
456	edge_623
456	edge_731
